,id,accuracy_rating,allows_children,allows_infants,allows_pets,avg_rating,bathrooms,bedrooms,beds,can_instant_book,cancel_policy,checkin_rating,city,cleaning_fee,cleanliness_rating,communication_rating,host_verified,is_business_travel_ready,is_new_listing,is_super_host,kicker_content_message,latitude,localized_city,location_rating,longitude,max_nights,min_nights,monthly_price_factor,name,person_capacity,picture_count,price_string,property_type_id,response_rate,response_time,review_count,review_score,reviews_count,room_and_property_type,room_type,room_type_category,space_type,star_rating,value_rating,visible_review_count,weekly_price_factor,extra_people,security,air_conditioning,balcony,nature_and_views,bed_linen,tv,coffee_machine,cooking_basics,white_goods,elevator,child_friendly,parking,outdoor_space,host_greeting,internet,long_term_stays,private_entrance,paikkakunnat
0,22858494,,,,,4.67,0.5,0.0,1.0,1,CANCEL_STRICT_14_WITH_GRACE_PERIOD,,Helsinki,0,,,0,0,0,0,Entire apartment,60.16708000000001,Helsingfors,,24.93492,1125,1,0.0,SPACIOUS AND SIMPLE IN THE HEART OF HELSINKI 26m2,2,17,38,1.0,100.0,within an hour,,,365,Entire apartment,Entire home/apt,entire_home,Entire apartment,4.5,,,0.9,0,0,0.0,0.0,0.0,1.0,0.0,0.0,0.0,0.0,1.0,0.0,0.0,0.0,0.0,1.0,0.0,1.0,Kamppi
1,16501244,,,,,4.81,1.5,1.0,3.0,0,CANCEL_MODERATE,,Helsinki,0,,,0,0,0,1,Entire condominium,60.16653,Helsinki,,24.93362,60,1,0.8,"Cozy super central 60m2 family apartment, Netflix",7,22,58,37.0,100.0,within an hour,,,327,Entire condominium,Entire home/apt,entire_home,Entire condominium,5.0,,,0.88,8,217,0.0,0.0,0.0,1.0,1.0,1.0,1.0,1.0,0.0,0.0,1.0,0.0,1.0,1.0,1.0,0.0,Kamppi
2,28982354,,,,,4.79,1.0,1.0,1.0,1,CANCEL_STRICT_14_WITH_GRACE_PERIOD,,Helsinki,0,,,0,0,0,1,Shared room,60.158669999999994,Helsinki,,24.944229999999997,6,1,0.0,Shared apartment near the city center and the sea,3,3,26,1.0,90.0,within an hour,,,115,Shared room in apartment,Shared room,shared_room,Shared room,5.0,,,0.0,0,0,0.0,0.0,0.0,1.0,1.0,1.0,1.0,1.0,1.0,0.0,1.0,0.0,0.0,1.0,0.0,0.0,Siltasaari
3,41969547,,,,,,4.0,1.0,1.0,1,CANCEL_FLEXIBLE,,Helsinki,0,,,0,0,1,0,Hostel beds,60.17884,Helsinki,,24.95787,1125,1,0.0,№11· Hostel INNTOURIST in the CENTER of Helsinki,1,14,24,45.0,100.0,within an hour,,,2,Shared room in hostel,Shared room,shared_room,Hostel beds,,,,0.0,0,0,1.0,0.0,1.0,1.0,0.0,1.0,0.0,1.0,0.0,1.0,1.0,0.0,0.0,1.0,1.0,0.0,Kamppi
4,42901953,,,,,,1.0,1.0,2.0,1,CANCEL_FLEXIBLE,,Helsinki,11,,,0,0,1,0,Entire apartment,60.16563000000001,Helsingfors,,24.92996,1125,1,0.9,Beautiful apartment in the Centre Helsinki.,4,13,55,1.0,100.0,within a few hours,,,1,Entire apartment,Entire home/apt,entire_home,Entire apartment,,,,0.9,0,2173,0.0,0.0,0.0,0.0,1.0,1.0,1.0,1.0,0.0,0.0,1.0,0.0,0.0,1.0,1.0,0.0,Linjat
5,21557494,,,,,4.91,1.0,1.0,1.0,0,CANCEL_FLEXIBLE,,Helsinki,0,,,0,0,0,1,Private room,60.181259999999995,Helsingfors,,24.95034,7,1,0.0,A room with a view,1,6,49,1.0,100.0,within a few hours,,,162,Private room in apartment,Private room,private_room,Private room,5.0,,,0.0,0,0,0.0,0.0,0.0,1.0,0.0,0.0,0.0,1.0,1.0,0.0,0.0,0.0,0.0,1.0,0.0,0.0,Kluuvi
6,32799667,,,,,4.84,1.0,0.0,2.0,1,CANCEL_MODERATE,,Helsinki,27,,,0,0,0,1,Entire apartment,60.17029,Helsingfors,,24.94813,1125,1,0.0,Cute apartment in the very heart of Helsinki,4,21,64,1.0,100.0,within an hour,,,138,Entire apartment,Entire home/apt,entire_home,Entire apartment,5.0,,,0.0,33,0,0.0,1.0,0.0,1.0,1.0,1.0,1.0,1.0,1.0,0.0,1.0,1.0,0.0,1.0,1.0,1.0,Etu-Töölö
7,18230458,,,,,4.87,1.5,0.0,2.0,1,CANCEL_MODERATE,,Helsinki,16,,,0,0,0,1,Entire apartment,60.17771,Helsingfors,,24.92905,1125,1,0.9,"Beautiful park view, quiet and tidy apartment!",2,12,76,1.0,100.0,within a few hours,,,76,Entire apartment,Entire home/apt,entire_home,Entire apartment,5.0,,,0.95,0,0,0.0,0.0,0.0,0.0,1.0,0.0,1.0,0.0,1.0,0.0,0.0,0.0,0.0,1.0,0.0,1.0,Kamppi
8,25500683,,,,,4.84,1.0,0.0,2.0,0,CANCEL_MODERATE,,Helsinki,11,,,0,0,0,1,Entire condominium,60.165519999999994,Helsinki,,24.93575,1125,1,0.9,Cozy apartment in the center of Helsinki,3,27,77,37.0,92.0,within a few hours,,,93,Entire condominium,Entire home/apt,entire_home,Entire condominium,5.0,,,0.93,33,217,0.0,0.0,0.0,1.0,0.0,1.0,1.0,1.0,1.0,0.0,0.0,0.0,1.0,1.0,1.0,1.0,Ullanlinna
9,11468881,,,,,4.72,1.0,0.0,1.0,1,CANCEL_MODERATE,,Helsinki,26,,,0,0,0,0,Entire apartment,60.16025,Helsinki,,24.94361,1124,1,0.0,Studio in the heart of Helsinki,2,9,75,1.0,100.0,within an hour,,,503,Entire apartment,Entire home/apt,entire_home,Entire apartment,4.5,,,0.9,0,217,0.0,0.0,0.0,0.0,1.0,0.0,0.0,1.0,1.0,0.0,1.0,0.0,1.0,1.0,0.0,0.0,Linjat
10,42403312,,,,,4.67,1.5,1.0,1.0,1,CANCEL_FLEXIBLE,,Helsinki,0,,,0,0,0,0,Entire apartment,60.1841,Helsinki,,24.94869,180,1,0.85,Central Apartment Helsinki Kallio,4,5,52,1.0,100.0,within an hour,,,3,Entire apartment,Entire home/apt,entire_home,Entire apartment,4.5,,,0.85,16,163,0.0,0.0,0.0,0.0,0.0,0.0,0.0,0.0,0.0,0.0,0.0,0.0,0.0,1.0,0.0,0.0,Kumpula
11,11540653,,,,,4.61,1.0,1.0,1.0,0,CANCEL_FLEXIBLE,,Helsinki,11,,,0,0,0,0,Entire guest suite,60.20571999999999,Helsinki,,24.95808,10,1,1.0,Cosy room in a picturesque area,2,14,48,53.0,100.0,within an hour,,,186,Entire guest suite,Entire home/apt,entire_home,Entire guest suite,4.5,,,1.0,11,0,0.0,0.0,0.0,1.0,0.0,1.0,0.0,1.0,0.0,0.0,1.0,0.0,1.0,1.0,0.0,0.0,Itä-Pasila
12,42922180,,,,,,1.0,1.0,2.0,1,CANCEL_FLEXIBLE,,Helsinki,0,,,0,0,1,0,Private room,60.199569999999994,Helsingfors,,24.93986,1125,1,0.0,Welcome to a clean private room,2,5,26,40.0,100.0,within an hour,,,0,Private room in guesthouse,Private room,private_room,Private room,,,,0.0,0,0,1.0,0.0,0.0,0.0,1.0,0.0,0.0,1.0,0.0,0.0,1.0,0.0,0.0,1.0,0.0,0.0,Itä-Pasila
13,42521388,,,,,4.33,1.0,1.0,3.0,1,CANCEL_MODERATE,,Helsinki,0,,,0,0,0,0,Private room,60.19797,Helsingfors,,24.93661,1125,1,0.69,Clean Room w/balcony near City Center & Kallio,3,11,35,1.0,100.0,within an hour,,,6,Private room in apartment,Private room,private_room,Private room,4.5,,,0.9,9,97,1.0,0.0,0.0,1.0,1.0,0.0,0.0,1.0,0.0,0.0,0.0,0.0,0.0,1.0,1.0,0.0,Pikku Huopalahti
14,39002105,,,,,4.66,1.5,1.0,1.0,1,CANCEL_FLEXIBLE,,Helsinki,4,,,0,0,0,1,Private room,60.202980000000004,Helsinki,,24.8937,31,1,0.9,"NEW! Seaside marina, Helsinki, tram, sauna!",3,10,35,1.0,100.0,within an hour,,,32,Private room in apartment,Private room,private_room,Private room,4.5,,,0.94,7,0,0.0,1.0,1.0,1.0,1.0,1.0,1.0,1.0,1.0,1.0,1.0,0.0,1.0,1.0,1.0,0.0,Kamppi
15,30949175,,,,,4.62,1.0,1.0,2.0,1,CANCEL_MODERATE,,Helsinki,38,,,0,0,0,0,Entire apartment,60.168009999999995,Helsinki,,24.93224,1125,2,0.0,"Tyylikäs Kaksio Kampin Keskuksessa, oma sauna!",4,13,122,1.0,100.0,within an hour,,,42,Entire apartment,Entire home/apt,entire_home,Entire apartment,4.5,,,0.0,16,0,1.0,1.0,0.0,1.0,0.0,1.0,1.0,1.0,1.0,0.0,0.0,0.0,0.0,1.0,0.0,0.0,Taka-Töölö
16,32034311,,,,,4.88,1.5,1.0,2.0,1,CANCEL_FLEXIBLE,,Helsinki,9,,,0,0,0,1,Private room,60.182109999999994,Helsinki,,24.92645,12,1,1.0,A little comfortable room in the center,2,6,55,37.0,100.0,within an hour,,,65,Private room in condominium,Private room,private_room,Private room,5.0,,,0.9,16,0,0.0,0.0,0.0,1.0,1.0,1.0,0.0,1.0,1.0,0.0,0.0,0.0,1.0,1.0,0.0,0.0,Vilhonvuori
17,43049962,10.0,1.0,1.0,0.0,,1.0,1.0,2.0,1,CANCEL_MODERATE,9.0,Helsinki,0,9.0,10.0,0,0,1,0,Entire apartment,60.18724,Helsinki,10.0,24.96658,7,1,0.0,Studio apartment in kallio Close to city center,2,6,39,1.0,100.0,within an hour,42.0,92.0,1,Entire apartment,Entire home/apt,entire_home,Entire apartment,,9.0,42.0,0.0,11,109,0.0,0.0,0.0,0.0,0.0,0.0,0.0,0.0,0.0,0.0,0.0,0.0,0.0,1.0,0.0,0.0,Etu-Töölö
18,28617132,10.0,1.0,1.0,0.0,4.82,1.0,0.0,1.0,1,CANCEL_MODERATE,9.0,Helsinki,0,9.0,10.0,0,0,0,0,Entire apartment,60.17012,Helsinki,10.0,24.92739,10,1,1.0,Cozy & Urban studio @ central heart of Helsinki,3,22,95,1.0,0.0,unknown,42.0,92.0,211,Entire apartment,Entire home/apt,entire_home,Entire apartment,5.0,9.0,42.0,0.95,0,0,0.0,0.0,0.0,0.0,0.0,0.0,0.0,0.0,0.0,0.0,0.0,0.0,0.0,0.0,0.0,0.0,Kamppi
19,39774805,10.0,1.0,1.0,0.0,4.81,1.5,1.0,1.0,1,CANCEL_FLEXIBLE,9.0,Helsinki,4,9.0,10.0,0,0,0,1,Private room,60.20296999999999,Helsinki,10.0,24.893520000000002,31,1,0.9,"Budget-Room by tram, Seafront promenade and Sauna!",3,10,32,1.0,100.0,within an hour,42.0,92.0,27,Private room in apartment,Private room,private_room,Private room,5.0,9.0,42.0,0.94,7,0,0.0,1.0,1.0,1.0,0.0,1.0,1.0,1.0,1.0,1.0,1.0,0.0,1.0,1.0,1.0,0.0,Punavuori
20,36353225,10.0,1.0,1.0,0.0,4.75,1.0,1.0,1.0,1,CANCEL_STRICT_14_WITH_GRACE_PERIOD,9.0,Helsinki,0,9.0,10.0,0,0,0,0,Private room,60.16465,Helsingfors,10.0,24.92568,1125,1,1.0,Cozy home in the true heart of Helsinki,2,13,58,1.0,90.0,within an hour,42.0,92.0,84,Private room in apartment,Private room,private_room,Private room,5.0,9.0,42.0,0.95,0,0,0.0,0.0,0.0,1.0,1.0,1.0,1.0,1.0,0.0,0.0,0.0,0.0,1.0,1.0,0.0,0.0,Kamppi
21,38771885,10.0,1.0,1.0,0.0,4.36,1.0,0.0,2.0,1,CANCEL_MODERATE,9.0,Helsinki,0,9.0,10.0,0,0,0,0,Entire apartment,60.16065,Helsinki,10.0,24.93381,1125,1,0.8,Cosy studio for 3 in Punavuori district w/ balcony,3,8,81,1.0,70.0,within a few hours,42.0,92.0,25,Entire apartment,Entire home/apt,entire_home,Entire apartment,4.5,9.0,42.0,0.9,5,0,0.0,1.0,0.0,0.0,1.0,1.0,1.0,1.0,1.0,0.0,1.0,0.0,0.0,1.0,1.0,0.0,Harju
22,40033351,10.0,1.0,1.0,0.0,4.85,1.5,1.0,2.0,1,CANCEL_MODERATE,9.0,Helsinki,38,9.0,10.0,0,0,0,1,Entire condominium,60.1677,Helsinki,10.0,24.93186,1125,2,0.0,Luxurious apartment in Kampin keskus with sauna,4,19,122,37.0,100.0,within an hour,42.0,92.0,13,Entire condominium,Entire home/apt,entire_home,Entire condominium,5.0,9.0,42.0,0.0,16,0,0.0,1.0,0.0,1.0,1.0,1.0,1.0,1.0,1.0,1.0,1.0,0.0,0.0,1.0,1.0,1.0,Kontula
23,42684617,10.0,1.0,1.0,0.0,5.0,1.5,1.0,2.0,1,CANCEL_MODERATE,9.0,Helsinki,0,9.0,10.0,0,0,0,0,Entire apartment,60.1883,Helsinki,10.0,24.962629999999997,1125,1,0.85,Stylish down town studio with best connections,2,18,46,1.0,100.0,within an hour,42.0,92.0,4,Entire apartment,Entire home/apt,entire_home,Entire apartment,5.0,9.0,42.0,0.9,0,0,0.0,0.0,0.0,1.0,1.0,1.0,1.0,1.0,0.0,0.0,0.0,0.0,0.0,1.0,1.0,0.0,Kamppi
24,42596142,10.0,1.0,1.0,0.0,,1.5,1.0,2.0,1,CANCEL_FLEXIBLE,9.0,Helsinki,0,9.0,10.0,0,0,1,0,Private room,60.23826,Helsinki,10.0,25.07771,1125,1,1.0,Community of Kontula - Small cozy private room,1,6,26,1.0,0.0,unknown,42.0,92.0,2,Private room in apartment,Private room,private_room,Private room,,9.0,42.0,1.0,0,0,0.0,0.0,0.0,0.0,0.0,0.0,0.0,1.0,0.0,0.0,0.0,0.0,0.0,1.0,0.0,0.0,Kluuvi
25,41758970,10.0,1.0,1.0,0.0,4.0,1.0,1.0,1.0,1,CANCEL_MODERATE,9.0,Helsinki,0,9.0,10.0,0,0,0,0,Entire apartment,60.16826999999999,Helsinki,10.0,24.92888,1125,1,1.0,In the heart of the city: 1BR apartment w/ balcony,4,13,93,1.0,70.0,within a few hours,42.0,92.0,3,Entire apartment,Entire home/apt,entire_home,Entire apartment,4.0,9.0,42.0,1.0,5,0,0.0,1.0,0.0,1.0,1.0,1.0,1.0,1.0,0.0,0.0,0.0,0.0,0.0,1.0,1.0,0.0,Alppila
26,24045106,10.0,1.0,1.0,0.0,4.77,1.0,1.0,2.0,1,CANCEL_STRICT_14_WITH_GRACE_PERIOD,9.0,Helsinki,43,9.0,10.0,0,0,0,1,Entire condominium,60.17026,Helsingfors,10.0,24.94564,1124,1,0.85,Unique Home,4,11,116,37.0,100.0,within an hour,42.0,92.0,22,Entire condominium,Entire home/apt,entire_home,Entire condominium,5.0,9.0,42.0,0.9,16,0,0.0,0.0,0.0,1.0,1.0,1.0,1.0,1.0,1.0,0.0,0.0,0.0,0.0,1.0,1.0,0.0,Etu-Töölö
27,18521789,10.0,1.0,1.0,0.0,4.77,0.5,1.0,2.0,1,CANCEL_STRICT_14_WITH_GRACE_PERIOD,9.0,Helsinki,15,9.0,10.0,0,0,0,1,Private room,60.1896,Helsinki,10.0,24.94669,120,1,0.72,Private room in Downtown. Linnanmäki. Kallio,2,13,58,1.0,100.0,within an hour,42.0,92.0,105,Private room in apartment,Private room,private_room,Private room,5.0,9.0,42.0,0.96,15,97,0.0,0.0,0.0,0.0,0.0,1.0,0.0,1.0,1.0,0.0,1.0,1.0,1.0,1.0,0.0,0.0,Myllypuro
28,33890366,10.0,1.0,1.0,0.0,4.88,1.0,0.0,3.0,0,CANCEL_MODERATE,9.0,Helsinki,22,9.0,10.0,0,0,0,1,Entire loft,60.17661999999999,Helsingfors,10.0,24.92945,1125,1,0.0,Cozy loft apartment in best location!,4,9,109,35.0,100.0,within a few hours,42.0,92.0,130,Entire loft,Entire home/apt,entire_home,Entire loft,5.0,9.0,42.0,0.0,0,0,0.0,0.0,0.0,0.0,1.0,1.0,1.0,0.0,0.0,0.0,1.0,0.0,0.0,1.0,0.0,1.0,Kamppi
29,43064194,10.0,1.0,1.0,0.0,,1.0,1.0,2.0,1,CANCEL_FLEXIBLE,9.0,Helsinki,0,9.0,10.0,0,0,1,0,Apartment room,60.16945,Helsingfors,10.0,24.92134,60,1,0.55,Private studios in the heart of the city,2,4,46,47.0,100.0,within an hour,42.0,92.0,0,Private room in serviced apartment,Private room,private_room,Apartment room,,9.0,42.0,0.65,0,0,0.0,0.0,0.0,0.0,0.0,0.0,0.0,1.0,0.0,0.0,0.0,0.0,1.0,1.0,0.0,0.0,Ullanlinna
30,36196446,10.0,1.0,1.0,0.0,4.88,1.0,1.0,1.0,1,CANCEL_FLEXIBLE,9.0,Helsinki,0,9.0,10.0,0,0,0,0,Private room,60.226659999999995,Helsinki,10.0,25.06331,1125,1,0.0,Good place And safety,2,9,41,1.0,100.0,within an hour,42.0,92.0,27,Private room in apartment,Private room,private_room,Private room,5.0,9.0,42.0,0.0,0,0,0.0,0.0,0.0,0.0,0.0,0.0,0.0,1.0,1.0,0.0,1.0,0.0,1.0,1.0,0.0,1.0,Nordsjön kartano
31,34367632,10.0,1.0,1.0,0.0,4.71,1.0,1.0,2.0,1,CANCEL_STRICT_14_WITH_GRACE_PERIOD,10.0,Helsinki,38,10.0,10.0,0,0,0,0,Entire apartment,60.16882,Helsinki,10.0,24.93229,1125,2,0.0,Unique luxurious home with sauna in Kamppi Center,4,12,122,1.0,100.0,within an hour,105.0,95.0,21,Entire apartment,Entire home/apt,entire_home,Entire apartment,4.5,9.0,105.0,0.0,16,0,0.0,1.0,0.0,1.0,1.0,1.0,1.0,1.0,1.0,1.0,1.0,0.0,0.0,1.0,1.0,1.0,Meri-Rastila
32,29644231,10.0,1.0,1.0,0.0,4.95,1.5,1.0,1.0,1,CANCEL_MODERATE,10.0,Helsinki,0,10.0,10.0,0,0,0,1,Entire condominium,60.15691999999999,Helsinki,10.0,24.942510000000002,1125,1,0.8,Jugend-helmi Etelä-Helsingissä,2,16,101,37.0,100.0,within an hour,105.0,95.0,158,Entire condominium,Entire home/apt,entire_home,Entire condominium,5.0,9.0,105.0,0.9,0,0,0.0,0.0,0.0,1.0,1.0,1.0,1.0,1.0,0.0,0.0,1.0,0.0,1.0,1.0,0.0,0.0,Kluuvi
33,3408263,10.0,1.0,1.0,0.0,4.68,1.0,0.0,1.0,1,CANCEL_MODERATE,10.0,Helsinki,26,10.0,10.0,0,0,0,0,Entire apartment,60.195190000000004,Helsinki,10.0,24.9601,1124,1,0.74,Arty interior in 1900 wooden house,2,9,75,1.0,100.0,within an hour,105.0,95.0,606,Entire apartment,Entire home/apt,entire_home,Entire apartment,4.5,9.0,105.0,0.9,0,217,0.0,0.0,0.0,0.0,1.0,0.0,0.0,1.0,0.0,0.0,1.0,0.0,1.0,1.0,1.0,0.0,Ullanlinna
34,4459868,10.0,1.0,1.0,0.0,4.75,1.0,0.0,3.0,1,CANCEL_FLEXIBLE,10.0,Helsinki,14,10.0,10.0,0,0,0,0,Entire apartment,60.178580000000004,Helsinki,10.0,24.953229999999998,1125,1,0.8,Cosy Helsinki Inner City Apartment,4,22,95,1.0,100.0,within an hour,105.0,95.0,603,Entire apartment,Entire home/apt,entire_home,Entire apartment,5.0,9.0,105.0,0.9,9,0,0.0,1.0,1.0,1.0,1.0,1.0,1.0,1.0,1.0,1.0,1.0,0.0,0.0,1.0,1.0,0.0,Kamppi
35,38727425,10.0,1.0,1.0,0.0,4.84,1.0,1.0,1.0,0,CANCEL_FLEXIBLE,10.0,Helsinki,0,10.0,10.0,0,0,0,1,Private room,60.212830000000004,Helsinki,10.0,25.15161,1125,1,0.0,Nice and cheap bedroom available in Helsinki. ❤,2,6,27,37.0,90.0,within an hour,105.0,95.0,52,Private room in condominium,Private room,private_room,Private room,5.0,9.0,105.0,0.0,0,0,0.0,0.0,0.0,0.0,0.0,0.0,0.0,0.0,0.0,0.0,0.0,0.0,0.0,1.0,0.0,0.0,Etu-Töölö
36,39487366,10.0,1.0,1.0,0.0,4.63,1.0,1.0,0.0,1,CANCEL_FLEXIBLE,10.0,Helsinki,4,10.0,10.0,0,0,0,1,Private room,60.20016999999999,Helsinki,10.0,25.119139999999998,28,1,0.0,NEW! Large BUDGET-room  walking from Metro,3,4,28,1.0,100.0,within an hour,105.0,95.0,8,Private room in apartment,Private room,private_room,Private room,4.5,9.0,105.0,0.94,7,0,0.0,1.0,1.0,1.0,1.0,1.0,1.0,1.0,0.0,1.0,1.0,1.0,1.0,1.0,0.0,0.0,Pihlajisto
37,31606666,10.0,1.0,1.0,0.0,4.74,1.0,1.0,1.0,1,CANCEL_MODERATE,10.0,Helsinki,43,10.0,10.0,0,0,0,0,Entire apartment,60.17283000000001,Helsinki,10.0,24.94356,1125,2,0.0,Business Deluxe Apartment next to Central Station,4,13,129,1.0,100.0,within an hour,105.0,95.0,27,Entire apartment,Entire home/apt,entire_home,Entire apartment,5.0,9.0,105.0,0.0,16,0,0.0,0.0,0.0,0.0,1.0,1.0,1.0,1.0,1.0,0.0,0.0,0.0,0.0,1.0,0.0,0.0,Itä-Pasila
38,37905256,10.0,1.0,1.0,0.0,3.98,1.0,1.0,1.0,1,CANCEL_MODERATE,10.0,Helsinki,20,10.0,10.0,0,0,0,0,Entire apartment,60.157959999999996,Helsingfors,10.0,24.94623,1125,1,0.0,Home in Ullanlinna,4,6,79,1.0,100.0,within an hour,105.0,95.0,49,Entire apartment,Entire home/apt,entire_home,Entire apartment,4.0,9.0,105.0,0.95,11,0,0.0,0.0,0.0,1.0,0.0,0.0,1.0,0.0,0.0,0.0,0.0,0.0,1.0,1.0,0.0,0.0,Kamppi
39,42545597,10.0,1.0,1.0,0.0,,1.5,1.0,1.0,1,CANCEL_MODERATE,10.0,Helsinki,38,10.0,10.0,0,0,1,0,Entire condominium,60.16975,Helsinki,10.0,24.9308,1125,2,0.0,Stylish 1BR apartment in Kamppi Center with Sauna,4,16,115,37.0,100.0,within an hour,105.0,95.0,2,Entire condominium,Entire home/apt,entire_home,Entire condominium,,9.0,105.0,0.0,16,0,0.0,1.0,0.0,1.0,1.0,1.0,1.0,1.0,0.0,1.0,1.0,0.0,0.0,1.0,1.0,0.0,Vilhonvuori
40,33603361,10.0,1.0,1.0,0.0,4.78,1.0,0.0,3.0,1,CANCEL_MODERATE,10.0,Helsinki,16,10.0,10.0,0,0,0,1,Entire loft,60.1756,Helsingfors,10.0,24.92983,1125,1,0.0,Loft studio in best location!,3,8,89,35.0,100.0,within a few hours,105.0,95.0,113,Entire loft,Entire home/apt,entire_home,Entire loft,5.0,9.0,105.0,0.0,0,0,0.0,0.0,0.0,0.0,1.0,1.0,1.0,0.0,0.0,0.0,0.0,0.0,1.0,1.0,0.0,1.0,Kamppi
41,26240541,10.0,1.0,1.0,0.0,4.49,1.0,1.0,1.0,1,CANCEL_STRICT_14_WITH_GRACE_PERIOD,10.0,Helsinki,5,10.0,10.0,0,0,0,0,Private room,60.23301,Helsinki,10.0,24.99648,1125,1,1.0,Home away from home easy access to city centre,2,11,39,1.0,100.0,within an hour,105.0,95.0,84,Private room in apartment,Private room,private_room,Private room,4.5,9.0,105.0,1.0,11,0,0.0,0.0,0.0,0.0,1.0,0.0,0.0,1.0,1.0,0.0,1.0,0.0,0.0,1.0,0.0,1.0,Ala-Malmi
42,43030513,10.0,1.0,1.0,0.0,,1.0,1.0,2.0,1,CANCEL_FLEXIBLE,10.0,Helsinki,0,10.0,10.0,0,0,1,0,Private room,60.19888,Helsingfors,10.0,24.93923,1125,1,0.0,"Welcome to our clean , bright place",2,6,26,40.0,100.0,within an hour,105.0,95.0,0,Private room in guesthouse,Private room,private_room,Private room,,9.0,105.0,0.0,0,0,1.0,0.0,0.0,0.0,1.0,0.0,0.0,1.0,0.0,0.0,1.0,0.0,1.0,1.0,0.0,0.0,Linjat
43,25399185,10.0,1.0,1.0,0.0,4.84,1.0,1.0,0.0,1,CANCEL_MODERATE,10.0,Helsinki,27,10.0,10.0,0,0,0,1,Entire apartment,60.16679,Helsingfors,10.0,24.92989,1125,1,0.0,"Centrally located, spacious studio with park view",4,5,96,1.0,100.0,within a few hours,105.0,95.0,128,Entire apartment,Entire home/apt,entire_home,Entire apartment,5.0,9.0,105.0,0.9,16,217,0.0,0.0,0.0,0.0,0.0,1.0,1.0,1.0,1.0,0.0,0.0,0.0,0.0,1.0,0.0,0.0,Herttoniemenranta
44,41781809,10.0,1.0,1.0,0.0,,4.0,1.0,2.0,1,CANCEL_FLEXIBLE,10.0,Helsinki,0,10.0,10.0,0,0,0,0,Hostel room,60.17853,Helsingfors,10.0,24.95962,1125,1,0.0,2-х местный. №1. · Hotel-hostel INNTOURIST in the CENTER of Helsinki,2,17,55,45.0,100.0,within an hour,105.0,95.0,0,Private room in hostel,Private room,private_room,Hostel room,,9.0,105.0,0.0,0,0,1.0,0.0,1.0,1.0,1.0,1.0,0.0,1.0,0.0,1.0,1.0,0.0,0.0,1.0,1.0,0.0,Kumpula
45,17834020,10.0,1.0,1.0,0.0,4.55,0.5,0.0,1.0,1,CANCEL_FLEXIBLE,10.0,Helsinki,11,10.0,10.0,0,0,0,0,Entire apartment,60.164919999999995,Helsinki,10.0,24.93141,1125,1,0.85,"Disinfected well, small Kalevankatu studio",3,19,107,1.0,100.0,within an hour,105.0,95.0,326,Entire apartment,Entire home/apt,entire_home,Entire apartment,4.5,9.0,105.0,0.9,11,0,0.0,0.0,0.0,1.0,1.0,1.0,1.0,1.0,1.0,0.0,1.0,0.0,1.0,1.0,1.0,0.0,Hernesaari
46,20977238,10.0,1.0,1.0,0.0,4.68,1.0,1.0,1.0,0,CANCEL_STRICT_14_WITH_GRACE_PERIOD,10.0,Helsinki,11,10.0,10.0,0,0,0,0,Private room,60.24803000000001,Helsinki,10.0,25.004579999999997,1125,1,0.9,Room at Malmi with great location,2,8,42,1.0,100.0,within an hour,105.0,95.0,102,Private room in apartment,Private room,private_room,Private room,4.5,9.0,105.0,0.95,11,0,0.0,1.0,0.0,1.0,1.0,1.0,1.0,1.0,1.0,0.0,0.0,0.0,1.0,1.0,1.0,0.0,Kamppi
47,11879784,10.0,1.0,1.0,0.0,4.96,1.5,0.0,1.0,0,CANCEL_MODERATE,10.0,Helsinki,0,10.0,10.0,0,0,0,1,Entire apartment,60.182230000000004,Helsinki,10.0,24.94775,1125,1,0.72,Urban oasis in the heart of the hip Kallio,2,14,75,1.0,100.0,within a few hours,105.0,95.0,26,Entire apartment,Entire home/apt,entire_home,Entire apartment,5.0,9.0,105.0,0.87,22,0,0.0,0.0,0.0,1.0,1.0,1.0,1.0,1.0,1.0,0.0,1.0,0.0,0.0,1.0,0.0,0.0,Kruununhaka
48,22055402,10.0,1.0,1.0,0.0,4.87,1.0,1.0,1.0,1,CANCEL_MODERATE,10.0,Helsinki,10,10.0,10.0,0,0,0,1,Private room,60.18899999999999,Helsingfors,10.0,25.033379999999998,30,1,1.0,Room with an amazing sea view,2,11,56,37.0,100.0,within an hour,105.0,95.0,119,Private room in condominium,Private room,private_room,Private room,5.0,9.0,105.0,1.0,0,0,1.0,1.0,0.0,1.0,1.0,1.0,1.0,1.0,1.0,0.0,0.0,0.0,1.0,1.0,1.0,0.0,Länsi-Pasila
49,37514841,10.0,1.0,1.0,0.0,4.76,1.0,1.0,2.0,0,CANCEL_MODERATE,10.0,Helsinki,11,10.0,10.0,0,0,0,1,Private room,60.21134,Helsinki,10.0,24.96724,31,1,0.8,Charming home (2) in green Kumpula - Blue bedroom,3,15,45,1.0,100.0,within a few hours,128.0,97.0,33,Private room in apartment,Private room,private_room,Private room,5.0,9.0,128.0,0.9,22,0,1.0,1.0,0.0,1.0,0.0,1.0,1.0,0.0,0.0,0.0,1.0,1.0,0.0,1.0,1.0,1.0,Meri-Rastila
50,31213330,10.0,1.0,1.0,0.0,4.81,1.0,1.0,1.0,1,CANCEL_MODERATE,10.0,Helsinki,27,10.0,10.0,0,0,0,1,Entire condominium,60.15605,Helsingfors,10.0,24.9317,1125,1,0.75,Cozy studio near seaside in hart of Helsinki,2,24,109,37.0,100.0,within an hour,128.0,97.0,77,Entire condominium,Entire home/apt,entire_home,Entire condominium,5.0,9.0,128.0,0.89,0,217,0.0,0.0,1.0,0.0,1.0,1.0,1.0,1.0,0.0,0.0,0.0,1.0,0.0,1.0,1.0,0.0,Harju
51,37307947,10.0,1.0,1.0,0.0,4.71,1.0,0.0,2.0,1,CANCEL_MODERATE,10.0,Helsinki,0,10.0,10.0,0,0,0,0,Entire apartment,60.165659999999995,Helsinki,10.0,24.92887,1125,1,0.8,Cosy and luminous studio near Kamppi for 3,3,9,92,1.0,70.0,within a few hours,128.0,97.0,34,Entire apartment,Entire home/apt,entire_home,Entire apartment,4.5,9.0,128.0,0.9,5,0,0.0,0.0,0.0,1.0,1.0,1.0,1.0,1.0,1.0,0.0,1.0,0.0,0.0,1.0,1.0,0.0,Etu-Töölö
52,38743638,10.0,1.0,1.0,0.0,4.96,1.0,1.0,3.0,1,CANCEL_FLEXIBLE,10.0,Helsinki,16,10.0,10.0,0,0,0,1,Entire apartment,60.17585,Helsinki,10.0,24.959410000000002,1125,1,0.8,Unique Location by the Sea with Own Entrance,4,19,114,1.0,100.0,within an hour,128.0,97.0,25,Entire apartment,Entire home/apt,entire_home,Entire apartment,5.0,9.0,128.0,0.9,27,0,0.0,0.0,0.0,0.0,1.0,1.0,1.0,1.0,0.0,0.0,1.0,0.0,0.0,1.0,1.0,1.0,Etu-Töölö
53,37231876,10.0,1.0,1.0,0.0,4.62,1.0,1.0,1.0,1,CANCEL_FLEXIBLE,10.0,Helsinki,0,10.0,10.0,0,0,0,0,Private room,60.20264,Helsingfors,10.0,24.91875,30,1,0.75,"Huone Hartwall-areena,  ja keskuspuiston kupeessa.",1,4,52,1.0,100.0,within an hour,128.0,97.0,37,Private room in apartment,Private room,private_room,Private room,4.5,9.0,128.0,0.87,0,0,0.0,1.0,0.0,0.0,1.0,1.0,1.0,1.0,0.0,0.0,1.0,0.0,1.0,1.0,0.0,0.0,Reimarla
54,35713015,10.0,1.0,1.0,0.0,4.87,1.0,1.0,1.0,1,CANCEL_FLEXIBLE,10.0,Helsinki,4,10.0,10.0,0,0,0,1,Private room,60.20016999999999,Helsinki,10.0,25.119139999999998,28,1,0.0,"Budget room! Own balcony, by METRO Helsinki",3,20,31,1.0,100.0,within an hour,128.0,97.0,54,Private room in apartment,Private room,private_room,Private room,5.0,9.0,128.0,0.94,7,0,0.0,1.0,1.0,1.0,1.0,1.0,1.0,1.0,0.0,1.0,1.0,1.0,1.0,1.0,0.0,0.0,Kamppi
55,42985363,10.0,1.0,1.0,0.0,,1.0,1.0,2.0,1,CANCEL_FLEXIBLE,10.0,Helsinki,0,10.0,10.0,0,0,1,0,Private room,60.19933,Helsingfors,10.0,24.93949,1125,1,0.0,Welcome to a nice bright place to stay,2,5,26,40.0,100.0,within an hour,128.0,97.0,0,Private room in guesthouse,Private room,private_room,Private room,,9.0,128.0,0.0,0,0,1.0,0.0,0.0,0.0,1.0,0.0,0.0,1.0,0.0,0.0,0.0,0.0,0.0,1.0,0.0,0.0,Punavuori
56,28234855,10.0,1.0,1.0,0.0,4.75,1.0,1.0,1.0,1,CANCEL_MODERATE,10.0,Helsinki,12,10.0,10.0,0,0,0,0,Entire apartment,60.1876,Helsinki,10.0,24.95954,10,1,1.0,Cozy & Urban Studio @ well-connected location,3,15,81,1.0,100.0,within an hour,128.0,97.0,197,Entire apartment,Entire home/apt,entire_home,Entire apartment,5.0,9.0,128.0,0.95,13,0,0.0,0.0,0.0,1.0,0.0,1.0,1.0,1.0,1.0,0.0,1.0,0.0,0.0,1.0,0.0,0.0,Patola
57,41869689,10.0,1.0,1.0,0.0,5.0,1.0,1.0,1.0,1,CANCEL_MODERATE,10.0,Helsinki,0,10.0,10.0,0,0,0,0,Entire apartment,60.174640000000004,Helsinki,10.0,24.91911,1125,1,0.0,Homey 1br apartment for 4 in Etu-Töölö,4,12,92,1.0,70.0,within a few hours,128.0,97.0,3,Entire apartment,Entire home/apt,entire_home,Entire apartment,5.0,9.0,128.0,0.0,5,0,0.0,0.0,0.0,1.0,1.0,1.0,1.0,1.0,0.0,0.0,1.0,0.0,0.0,1.0,1.0,0.0,Siltasaari
58,14752483,10.0,1.0,1.0,0.0,4.74,1.0,0.0,3.0,1,CANCEL_FLEXIBLE,10.0,Helsinki,11,10.0,10.0,0,0,0,0,Entire apartment,60.1656,Helsinki,10.0,24.930410000000002,1125,1,0.85,"Disinfected well,  cozy spot next to Kamppi",4,18,98,1.0,100.0,within an hour,128.0,97.0,434,Entire apartment,Entire home/apt,entire_home,Entire apartment,5.0,9.0,128.0,0.9,11,0,0.0,0.0,0.0,1.0,1.0,1.0,1.0,1.0,0.0,0.0,1.0,0.0,1.0,1.0,1.0,0.0,Kluuvi
59,571881,10.0,1.0,1.0,0.0,4.63,1.0,2.0,4.0,1,CANCEL_FLEXIBLE,10.0,Helsinki,38,10.0,10.0,0,0,0,0,Entire apartment,60.170069999999996,Helsinki,10.0,24.92772,150,1,0.7,Spacious flat in the very center,7,21,135,1.0,100.0,within an hour,128.0,97.0,336,Entire apartment,Entire home/apt,entire_home,Entire apartment,4.5,9.0,128.0,0.85,16,0,1.0,0.0,0.0,0.0,1.0,1.0,1.0,1.0,1.0,0.0,1.0,0.0,0.0,1.0,0.0,0.0,Ullanlinna
60,42638153,10.0,1.0,1.0,0.0,5.0,1.5,1.0,1.0,1,CANCEL_MODERATE,10.0,Helsinki,0,10.0,10.0,0,0,0,0,Private room,60.22875,Helsinki,10.0,24.85057,6,1,0.65,"A cozy, snug & spacious apartment in Helsinki",2,7,38,1.0,78.0,within an hour,128.0,97.0,3,Private room in apartment,Private room,private_room,Private room,5.0,9.0,128.0,0.85,5,0,1.0,0.0,0.0,0.0,0.0,0.0,0.0,1.0,1.0,0.0,1.0,0.0,0.0,0.0,0.0,0.0,Tapanila
61,31094469,10.0,1.0,1.0,0.0,4.71,1.0,0.0,1.0,1,CANCEL_MODERATE,10.0,Helsinki,12,10.0,10.0,0,0,0,0,Entire apartment,60.187909999999995,Helsinki,10.0,24.96019,10,1,1.0,Comfy & Style Studio next to the metro station,3,19,81,1.0,100.0,within an hour,128.0,97.0,143,Entire apartment,Entire home/apt,entire_home,Entire apartment,4.5,9.0,128.0,0.95,13,0,0.0,0.0,0.0,1.0,1.0,1.0,1.0,0.0,1.0,0.0,1.0,0.0,0.0,1.0,0.0,0.0,Punavuori
62,2189594,10.0,1.0,1.0,0.0,4.73,1.5,1.0,1.0,0,CANCEL_MODERATE,10.0,Helsinki,0,10.0,10.0,0,0,0,1,Entire apartment,60.16848,Helsinki,10.0,24.93497,30,1,0.75,2 rooms in city center,4,26,108,1.0,100.0,within an hour,128.0,97.0,304,Entire apartment,Entire home/apt,entire_home,Entire apartment,5.0,9.0,128.0,0.83,16,217,0.0,1.0,0.0,0.0,1.0,1.0,1.0,1.0,1.0,0.0,1.0,0.0,1.0,1.0,0.0,0.0,Itä-Pasila
63,38669174,,0.0,0.0,0.0,4.92,1.0,1.0,2.0,1,CANCEL_FLEXIBLE,,Helsinki,0,,,0,0,0,1,Shared room,60.161719999999995,Helsingfors,,24.9411,8,1,0.87,"Shared room in big single apartment, best location",2,6,58,1.0,100.0,within an hour,0.0,,26,Shared room in apartment,Shared room,shared_room,Shared room,5.0,,0.0,0.87,27,0,0.0,0.0,1.0,0.0,1.0,1.0,1.0,1.0,1.0,0.0,0.0,0.0,0.0,1.0,0.0,0.0,Kamppi
64,18400611,,0.0,0.0,0.0,4.89,1.0,0.0,3.0,1,CANCEL_STRICT_14_WITH_GRACE_PERIOD,,Helsinki,0,,,0,0,0,1,Entire apartment,60.22676,Helsinki,,24.96102,360,1,0.85,Guest-Room OWN Entrance Airport & City Easy Access,3,30,75,1.0,100.0,within an hour,0.0,,197,Entire apartment,Entire home/apt,entire_home,Entire apartment,5.0,,0.0,0.9,22,200,0.0,1.0,0.0,1.0,1.0,1.0,1.0,1.0,0.0,1.0,1.0,1.0,0.0,1.0,1.0,1.0,Kluuvi
65,39476359,,0.0,0.0,0.0,4.91,1.0,1.0,4.0,1,CANCEL_FLEXIBLE,,Helsinki,14,,,0,0,0,0,Entire apartment,60.17898,Helsinki,,24.95168,1125,1,0.7,Helsinki Central Apartment,4,22,99,1.0,100.0,within an hour,0.0,,34,Entire apartment,Entire home/apt,entire_home,Entire apartment,5.0,,0.0,0.8,9,0,0.0,0.0,0.0,1.0,1.0,1.0,1.0,1.0,1.0,1.0,1.0,0.0,0.0,1.0,1.0,0.0,Vesala
66,42978180,,0.0,0.0,0.0,,1.5,1.0,1.0,1,CANCEL_FLEXIBLE,,Helsinki,0,,,0,0,1,0,Entire apartment,60.17714,Helsinki,,24.93842,16,1,0.55,A cozy one-bedroom apartment with a balcony,3,5,154,47.0,100.0,within a day,0.0,,0,Entire serviced apartment,Entire home/apt,entire_home,Entire apartment,,,0.0,0.7,0,0,1.0,1.0,1.0,1.0,1.0,1.0,1.0,1.0,0.0,0.0,1.0,0.0,0.0,1.0,1.0,0.0,Etu-Töölö
67,35584843,,0.0,0.0,0.0,4.64,1.0,0.0,1.0,0,CANCEL_MODERATE,,Helsinki,12,,,0,0,0,0,Entire apartment,60.16089,Helsinki,,24.9376,7,1,1.0,Little Retro Studio @ Central Design District Hels,2,12,85,1.0,100.0,within an hour,0.0,,67,Entire apartment,Entire home/apt,entire_home,Entire apartment,4.5,,0.0,0.95,0,0,0.0,0.0,0.0,1.0,1.0,1.0,1.0,1.0,1.0,0.0,1.0,1.0,0.0,1.0,0.0,0.0,Punavuori
68,35680811,,0.0,0.0,0.0,4.16,1.0,0.0,1.0,1,CANCEL_MODERATE,,Helsinki,16,,,0,0,0,0,Entire apartment,60.15764,Helsinki,,24.95218,1125,1,0.0,Compact home in Ullanlinna,4,5,76,1.0,100.0,within an hour,0.0,,69,Entire apartment,Entire home/apt,entire_home,Entire apartment,4.0,,0.0,0.9,11,0,0.0,0.0,0.0,0.0,0.0,0.0,0.0,0.0,0.0,0.0,0.0,0.0,0.0,1.0,0.0,0.0,Alppikylä
69,22982896,,0.0,0.0,0.0,4.89,1.0,1.0,1.0,0,CANCEL_FLEXIBLE,,Helsinki,5,,,0,0,0,1,Private room,60.26545,Helsingfors,,25.02617,7,1,0.0,Kaunis yksityinen huone tunnelmallisella alueella,2,37,51,1.0,100.0,within an hour,0.0,,214,Private room in apartment,Private room,private_room,Private room,5.0,,0.0,0.0,0,0,1.0,0.0,0.0,1.0,1.0,1.0,0.0,0.0,0.0,0.0,1.0,0.0,0.0,1.0,0.0,0.0,Kaartinkaupunki
70,33630332,,0.0,0.0,0.0,4.03,1.0,0.0,1.0,1,CANCEL_MODERATE,,Helsinki,17,,,0,0,0,0,Entire apartment,60.15948,Helsinki,,24.9395,1125,1,0.0,Church view studio in Design District,2,8,78,1.0,100.0,within an hour,0.0,,72,Entire apartment,Entire home/apt,entire_home,Entire apartment,4.0,,0.0,0.0,0,0,0.0,0.0,0.0,0.0,0.0,0.0,1.0,1.0,1.0,0.0,1.0,0.0,0.0,1.0,0.0,0.0,Vallila
71,42960124,,0.0,0.0,0.0,,1.0,1.0,2.0,1,CANCEL_FLEXIBLE,,Helsinki,0,,,0,0,1,0,Private room,60.19986,Helsingfors,,24.93848,1125,1,0.0,Welcome to a separate room,2,9,26,40.0,100.0,within an hour,0.0,,0,Private room in guesthouse,Private room,private_room,Private room,,,0.0,0.0,0,0,1.0,0.0,0.0,0.0,1.0,0.0,0.0,1.0,0.0,0.0,1.0,0.0,0.0,1.0,0.0,0.0,Kamppi
72,12068779,,0.0,0.0,0.0,4.6,1.0,1.0,1.0,1,CANCEL_MODERATE,,Helsinki,22,,,0,0,0,0,Private room,60.16628000000001,Helsinki,,24.94315,20,1,1.0,"Heart of the city, Design District",1,15,79,1.0,100.0,within an hour,0.0,,200,Private room in apartment,Private room,private_room,Private room,4.5,,0.0,0.89,0,217,0.0,0.0,0.0,1.0,0.0,1.0,1.0,1.0,1.0,0.0,1.0,0.0,1.0,1.0,0.0,0.0,Kamppi
73,41139203,,0.0,0.0,0.0,3.54,1.5,0.0,2.0,1,CANCEL_MODERATE,,Helsinki,11,,,0,0,0,0,Entire apartment,60.1687,Helsinki,,24.937479999999997,1125,1,0.0,"Studio in central area, close to Kamppi",3,7,77,1.0,0.0,unknown,0.0,,14,Entire apartment,Entire home/apt,entire_home,Entire apartment,3.5,,0.0,0.9,5,0,0.0,0.0,0.0,0.0,0.0,0.0,0.0,1.0,0.0,0.0,0.0,0.0,0.0,1.0,0.0,0.0,Kamppi
74,30981155,,0.0,0.0,0.0,4.85,1.0,0.0,2.0,1,CANCEL_STRICT_14_WITH_GRACE_PERIOD,,Helsinki,33,,,0,0,0,1,Entire apartment,60.172169999999994,Helsinki,,24.945,1125,1,0.85,Central Studio,2,5,88,1.0,100.0,within an hour,0.0,,40,Entire apartment,Entire home/apt,entire_home,Entire apartment,5.0,,0.0,0.9,16,0,0.0,0.0,0.0,0.0,1.0,1.0,1.0,1.0,1.0,0.0,0.0,0.0,0.0,1.0,0.0,0.0,Kamppi
75,20648483,,0.0,0.0,0.0,4.68,1.0,1.0,1.0,1,CANCEL_STRICT_14_WITH_GRACE_PERIOD,,Helsinki,0,,,0,0,0,0,Private room,60.24037,Helsinki,,25.09604,1125,1,0.0,Cosy and comfortable apartment,2,6,41,1.0,100.0,within an hour,0.0,,69,Private room in apartment,Private room,private_room,Private room,4.5,,0.0,0.98,0,0,0.0,0.0,0.0,0.0,1.0,1.0,0.0,1.0,1.0,0.0,1.0,0.0,0.0,1.0,0.0,0.0,Kluuvi
76,14336951,,0.0,0.0,0.0,4.5,1.0,1.0,2.0,1,CANCEL_FLEXIBLE,,Helsinki,22,,,0,0,0,0,Entire apartment,60.172219999999996,Helsinki,,24.92843,14,1,0.75,Comfortable 1 bedroom apartment in downtown,3,10,95,1.0,100.0,within an hour,0.0,,121,Entire apartment,Entire home/apt,entire_home,Entire apartment,4.5,,0.0,0.85,16,0,0.0,0.0,0.0,0.0,1.0,1.0,1.0,1.0,1.0,0.0,1.0,0.0,1.0,1.0,0.0,0.0,Roihuvuori
77,18012739,,0.0,0.0,0.0,4.91,1.0,1.0,1.0,0,CANCEL_FLEXIBLE,,Helsinki,49,,,1,0,0,1,Entire apartment,60.15996,Helsinki,,24.93835,1125,1,0.8,Classic Nordic Apartment in Hip Punavuori Design District,4,14,128,1.0,100.0,within a few hours,0.0,,95,Entire apartment,Entire home/apt,entire_home,Entire apartment,5.0,,0.0,0.9,33,0,0.0,0.0,0.0,0.0,1.0,1.0,0.0,1.0,0.0,0.0,1.0,0.0,0.0,1.0,0.0,0.0,Kamppi
78,35246331,,0.0,0.0,0.0,4.95,1.0,1.0,1.0,0,CANCEL_STRICT_14_WITH_GRACE_PERIOD,,Helsinki,0,,,0,0,0,1,Private room,60.2619,Helsingfors,,25.06961,6,1,0.0,Cosy shared apartment,2,7,39,1.0,100.0,within a few hours,0.0,,37,Private room in apartment,Private room,private_room,Private room,5.0,,0.0,0.0,11,0,1.0,1.0,0.0,1.0,1.0,1.0,1.0,1.0,1.0,0.0,1.0,0.0,1.0,1.0,0.0,1.0,Kruununhaka
79,36044616,,0.0,0.0,0.0,4.65,1.0,2.0,4.0,1,CANCEL_MODERATE,,Helsinki,54,,,0,0,0,0,Entire apartment,60.165169999999996,Helsinki,,24.946939999999998,1125,2,0.0,Gorgeous 2BR apartment by the Esplanade Park,8,14,142,1.0,100.0,within an hour,0.0,,26,Entire apartment,Entire home/apt,entire_home,Entire apartment,4.5,,0.0,0.0,16,0,0.0,0.0,0.0,0.0,1.0,1.0,0.0,0.0,0.0,0.0,0.0,0.0,0.0,1.0,0.0,0.0,Kamppi
80,21368320,10.0,1.0,1.0,0.0,4.81,1.0,1.0,2.0,0,CANCEL_FLEXIBLE,10.0,Helsinki,22,10.0,10.0,0,0,0,1,Entire apartment,60.19322,Helsinki,10.0,24.95705,1125,1,0.85,Lovely city apartment in Vallila,3,18,90,1.0,100.0,within an hour,214.0,98.0,175,Entire apartment,Entire home/apt,entire_home,Entire apartment,5.0,10.0,214.0,0.9,0,0,0.0,0.0,0.0,1.0,1.0,1.0,1.0,1.0,0.0,1.0,0.0,0.0,1.0,1.0,1.0,0.0,Konala
81,21373833,10.0,1.0,1.0,0.0,4.74,1.0,1.0,2.0,1,CANCEL_MODERATE,10.0,Helsinki,38,10.0,10.0,0,0,0,0,Entire apartment,60.16448000000001,Helsinki,10.0,24.93806,1125,2,0.0,New modern apartment in the Design District,4,15,109,1.0,100.0,within an hour,214.0,98.0,47,Entire apartment,Entire home/apt,entire_home,Entire apartment,5.0,10.0,214.0,0.0,16,0,0.0,0.0,0.0,1.0,1.0,1.0,0.0,1.0,0.0,0.0,0.0,0.0,0.0,1.0,1.0,0.0,Kamppi
82,41222077,10.0,1.0,1.0,0.0,,1.0,1.0,2.0,1,CANCEL_MODERATE,10.0,Helsinki,38,10.0,10.0,0,0,0,0,Entire apartment,60.1648,Helsingfors,10.0,24.92438,1125,2,0.0,Pohjoismaisella tyylillä sisustettu asunto!,4,9,83,1.0,100.0,within an hour,214.0,98.0,1,Entire apartment,Entire home/apt,entire_home,Entire apartment,,10.0,214.0,0.0,16,0,0.0,0.0,0.0,0.0,1.0,0.0,0.0,0.0,0.0,0.0,0.0,0.0,0.0,1.0,0.0,0.0,Kamppi
83,43026916,10.0,1.0,1.0,0.0,,1.0,1.0,1.0,1,CANCEL_FLEXIBLE,10.0,Helsinki,0,10.0,10.0,0,0,1,0,Entire apartment,60.163830000000004,Helsingfors,10.0,24.92686,1125,1,0.95,Central appartment Helsinki Kamppi,2,8,53,1.0,100.0,within an hour,214.0,98.0,0,Entire apartment,Entire home/apt,entire_home,Entire apartment,,10.0,214.0,0.95,11,163,0.0,0.0,0.0,0.0,1.0,0.0,0.0,1.0,0.0,0.0,0.0,0.0,0.0,1.0,0.0,0.0,Ullanlinna
84,27325365,10.0,1.0,1.0,0.0,4.9,1.0,0.0,1.0,1,CANCEL_STRICT_14_WITH_GRACE_PERIOD,10.0,Helsinki,10,10.0,10.0,0,0,0,1,Entire condominium,60.16664,Helsingfors,10.0,24.93078,1125,1,0.95,Studio apartment close everything,2,10,112,37.0,100.0,within an hour,214.0,98.0,163,Entire condominium,Entire home/apt,entire_home,Entire condominium,5.0,10.0,214.0,0.95,0,0,0.0,0.0,0.0,1.0,1.0,1.0,1.0,0.0,0.0,0.0,1.0,0.0,1.0,1.0,0.0,0.0,Siltasaari
85,11393587,10.0,1.0,1.0,0.0,4.76,1.5,0.0,1.0,1,CANCEL_FLEXIBLE,10.0,Helsinki,16,10.0,10.0,0,0,0,0,Entire apartment,60.1722,Helsinki,10.0,24.94511,1125,1,0.85,"Disinfected well, next to the Central station",4,12,118,1.0,100.0,within an hour,214.0,98.0,385,Entire apartment,Entire home/apt,entire_home,Entire apartment,5.0,10.0,214.0,0.9,11,0,0.0,0.0,0.0,1.0,1.0,1.0,1.0,1.0,0.0,0.0,1.0,0.0,1.0,1.0,1.0,0.0,Kamppi
86,40891430,10.0,1.0,1.0,0.0,4.92,1.0,1.0,1.0,1,CANCEL_STRICT_14_WITH_GRACE_PERIOD,10.0,Helsinki,10,10.0,10.0,0,0,0,1,Entire apartment,60.203219999999995,Helsinki,10.0,25.05827,1125,1,0.8,Feel right at home in Helsinki / Free WiFi,2,13,82,1.0,100.0,within an hour,214.0,98.0,24,Entire apartment,Entire home/apt,entire_home,Entire apartment,5.0,10.0,214.0,0.9,0,0,0.0,0.0,0.0,1.0,1.0,1.0,1.0,1.0,0.0,0.0,1.0,0.0,0.0,1.0,0.0,0.0,Linjat
87,18056441,10.0,1.0,1.0,0.0,4.85,1.0,0.0,2.0,1,CANCEL_FLEXIBLE,10.0,Helsinki,11,10.0,10.0,0,0,0,0,Entire apartment,60.16396999999999,Helsinki,10.0,24.92801,1125,1,0.85,Disinfected well & central Kalevankatu home,4,25,106,1.0,100.0,within an hour,214.0,98.0,195,Entire apartment,Entire home/apt,entire_home,Entire apartment,5.0,10.0,214.0,0.9,11,0,0.0,0.0,0.0,1.0,1.0,1.0,1.0,1.0,1.0,1.0,1.0,1.0,1.0,1.0,1.0,0.0,Kluuvi
88,32062249,10.0,1.0,1.0,0.0,4.78,1.0,1.0,1.0,0,CANCEL_MODERATE,10.0,Helsinki,0,10.0,10.0,0,0,0,1,Entire apartment,60.17482,Helsingfors,10.0,24.95901,1125,1,0.8,Casa Kruna,3,12,90,1.0,100.0,within an hour,214.0,98.0,55,Entire apartment,Entire home/apt,entire_home,Entire apartment,5.0,10.0,214.0,0.9,0,0,1.0,0.0,1.0,1.0,1.0,1.0,1.0,1.0,0.0,0.0,0.0,0.0,0.0,1.0,1.0,1.0,Etu-Töölö
89,16106110,10.0,1.0,1.0,0.0,4.93,1.5,1.0,1.0,0,CANCEL_FLEXIBLE,10.0,Helsinki,22,10.0,10.0,0,0,0,1,Entire apartment,60.16369,Helsinki,10.0,24.92686,5,1,0.71,Delightful two room apartment in central Helsinki,3,9,89,1.0,100.0,within an hour,214.0,98.0,15,Entire apartment,Entire home/apt,entire_home,Entire apartment,5.0,10.0,214.0,0.86,22,0,0.0,1.0,0.0,1.0,1.0,1.0,1.0,1.0,1.0,0.0,1.0,0.0,0.0,1.0,0.0,0.0,Kamppi
90,41799984,10.0,1.0,1.0,0.0,,4.0,1.0,2.0,1,CANCEL_FLEXIBLE,10.0,Helsinki,0,10.0,10.0,0,0,0,0,Hostel room,60.17876999999999,Helsingfors,10.0,24.9578,1125,1,0.0,2-х местный. №4. · Hotel-hostel INNTOURIST in the CENTER of Helsinki,2,16,55,45.0,100.0,within an hour,214.0,98.0,0,Private room in hostel,Private room,private_room,Hostel room,,10.0,214.0,0.0,0,0,1.0,0.0,1.0,1.0,1.0,1.0,0.0,1.0,0.0,1.0,1.0,0.0,0.0,1.0,1.0,0.0,Ullanlinna
91,41083834,10.0,1.0,1.0,0.0,,1.5,1.0,1.0,1,CANCEL_FLEXIBLE,10.0,Helsinki,0,10.0,10.0,0,0,1,0,Private room,60.23954000000001,Helsinki,10.0,24.85264,1125,1,0.9,"Private room/sauna,in a cosy flat near HKI city",2,7,31,1.0,100.0,within a few hours,214.0,98.0,0,Private room in apartment,Private room,private_room,Private room,,10.0,214.0,0.95,0,0,0.0,0.0,0.0,0.0,1.0,0.0,0.0,1.0,1.0,0.0,1.0,0.0,0.0,1.0,0.0,0.0,Linjat
92,26730354,10.0,1.0,1.0,0.0,4.68,1.0,4.0,1.0,0,CANCEL_FLEXIBLE,10.0,Helsinki,11,10.0,10.0,0,0,0,0,Private room,60.23279,Helsinki,10.0,25.030179999999998,1125,1,0.69,"Huone viisiöstä vuokrataan, hyvät julkiset kulkuyhteydet.",2,13,39,1.0,100.0,within an hour,214.0,98.0,35,Private room in apartment,Private room,private_room,Private room,4.5,10.0,214.0,0.88,0,0,1.0,1.0,0.0,0.0,1.0,1.0,1.0,1.0,1.0,0.0,1.0,0.0,1.0,1.0,0.0,0.0,Kumpula
93,36127077,10.0,1.0,1.0,0.0,4.81,1.5,1.0,3.0,0,CANCEL_MODERATE,10.0,Helsinki,0,10.0,10.0,0,0,0,1,Private room,60.25662,Helsinki,10.0,24.98816,21,1,0.8,Studio -like space in a peaceful neighbourhood,2,14,54,53.0,100.0,within an hour,214.0,98.0,42,Private room in guest suite,Private room,private_room,Private room,5.0,10.0,214.0,0.9,11,0,0.0,1.0,0.0,1.0,1.0,1.0,1.0,1.0,0.0,0.0,1.0,1.0,1.0,1.0,0.0,1.0,Itä-Pasila
94,37279768,10.0,1.0,1.0,0.0,4.81,1.5,1.0,1.0,1,CANCEL_STRICT_14_WITH_GRACE_PERIOD,10.0,Helsinki,33,10.0,10.0,0,0,0,1,Entire apartment,60.17158000000001,Helsinki,10.0,24.9444,1125,1,0.0,Downtown family comfort beauty,6,8,116,1.0,100.0,within an hour,385.0,95.0,16,Entire apartment,Entire home/apt,entire_home,Entire apartment,5.0,10.0,385.0,0.0,22,0,0.0,1.0,0.0,0.0,1.0,1.0,1.0,1.0,1.0,0.0,1.0,0.0,0.0,1.0,0.0,1.0,Itä-Pasila
95,22759628,10.0,1.0,1.0,0.0,4.34,1.0,1.0,1.0,0,CANCEL_STRICT_14_WITH_GRACE_PERIOD,10.0,Helsinki,11,10.0,10.0,0,0,0,0,Private room,60.17876999999999,Helsingfors,10.0,24.95429,20,1,0.9,Up the Stairs Bedroom Deluxe,2,10,65,37.0,100.0,within an hour,385.0,95.0,51,Private room in condominium,Private room,private_room,Private room,4.5,10.0,385.0,0.9,27,0,0.0,0.0,0.0,0.0,0.0,0.0,0.0,1.0,0.0,0.0,1.0,0.0,1.0,1.0,0.0,0.0,Pikku Huopalahti
96,21821456,10.0,1.0,1.0,0.0,4.6,1.0,1.0,4.0,1,CANCEL_MODERATE,10.0,Helsinki,38,10.0,10.0,0,0,0,0,Entire apartment,60.17111,Helsinki,10.0,24.92836,1125,2,0.0,New cozy apartment with best location in Helsinki,6,11,122,1.0,100.0,within an hour,385.0,95.0,62,Entire apartment,Entire home/apt,entire_home,Entire apartment,4.5,10.0,385.0,0.0,16,0,0.0,0.0,0.0,1.0,1.0,1.0,0.0,1.0,1.0,0.0,0.0,0.0,0.0,1.0,1.0,0.0,Kamppi
97,31390306,10.0,1.0,1.0,0.0,4.9,1.5,0.0,1.0,0,CANCEL_STRICT_14_WITH_GRACE_PERIOD,10.0,Helsinki,24,10.0,10.0,0,0,0,0,Entire condominium,60.18456,Helsingfors,10.0,24.95495,7,1,0.0,A beautiful Studio in trendy Kallio/Torkkelinmäki,3,14,101,37.0,100.0,within an hour,385.0,95.0,10,Entire condominium,Entire home/apt,entire_home,Entire condominium,5.0,10.0,385.0,0.85,0,0,0.0,0.0,0.0,1.0,1.0,1.0,1.0,1.0,0.0,0.0,1.0,1.0,0.0,1.0,1.0,0.0,Taka-Töölö
98,21571373,10.0,1.0,1.0,0.0,4.12,1.0,1.0,4.0,1,CANCEL_MODERATE,10.0,Helsinki,38,10.0,10.0,0,0,0,0,Entire apartment,60.16455,Helsinki,10.0,24.94293,1125,2,0.0,Charming apartment in the Design District,6,15,115,1.0,100.0,within an hour,385.0,95.0,78,Entire apartment,Entire home/apt,entire_home,Entire apartment,4.0,10.0,385.0,0.0,16,0,0.0,0.0,0.0,1.0,1.0,1.0,0.0,0.0,0.0,0.0,0.0,0.0,0.0,1.0,1.0,0.0,Vilhonvuori
99,40342883,10.0,1.0,1.0,0.0,5.0,2.0,1.0,2.0,0,CANCEL_STRICT_14_WITH_GRACE_PERIOD,10.0,Helsinki,20,10.0,10.0,0,0,0,0,Entire apartment,60.18906,Helsingfors,10.0,24.9151,1125,1,0.8,Urban center studio Töölö,4,7,88,1.0,100.0,within an hour,385.0,95.0,16,Entire apartment,Entire home/apt,entire_home,Entire apartment,5.0,10.0,385.0,0.85,16,0,0.0,0.0,0.0,0.0,0.0,1.0,1.0,1.0,1.0,0.0,0.0,0.0,0.0,1.0,1.0,0.0,Etu-Töölö
100,15459751,10.0,1.0,1.0,0.0,4.93,1.5,1.0,7.0,1,CANCEL_STRICT_14_WITH_GRACE_PERIOD,10.0,Helsinki,0,10.0,10.0,0,0,0,1,Entire apartment,60.227090000000004,Helsinki,10.0,24.96264,360,1,0.85,Spacious 2-Room Apartment Near Airport and City,10,43,95,1.0,100.0,within an hour,385.0,95.0,237,Entire apartment,Entire home/apt,entire_home,Entire apartment,5.0,10.0,385.0,0.9,22,272,0.0,1.0,0.0,1.0,1.0,1.0,1.0,1.0,0.0,1.0,1.0,1.0,0.0,1.0,1.0,1.0,Pikku Huopalahti
101,26804939,10.0,1.0,1.0,0.0,4.61,1.5,1.0,2.0,1,CANCEL_STRICT_14_WITH_GRACE_PERIOD,10.0,Helsinki,0,10.0,10.0,0,0,0,0,Entire apartment,60.18366999999999,Helsinki,10.0,24.943189999999998,1125,1,0.7,"Two rooms in Kallio, spacious and convenient.",4,5,83,1.0,70.0,within a few hours,385.0,95.0,36,Entire apartment,Entire home/apt,entire_home,Entire apartment,4.5,10.0,385.0,0.8,5,0,0.0,0.0,0.0,0.0,0.0,1.0,1.0,1.0,1.0,0.0,0.0,0.0,1.0,1.0,0.0,1.0,Kamppi
102,41006272,10.0,1.0,1.0,0.0,,1.0,1.0,1.0,1,CANCEL_MODERATE,10.0,Helsinki,5,10.0,10.0,0,0,0,0,Shared room,60.171859999999995,Helsingfors,10.0,24.91893,1125,1,0.0,"Shared Room in Central Area, Upscale yet relaxed",2,6,45,1.0,100.0,within an hour,385.0,95.0,2,Shared room in apartment,Shared room,shared_room,Shared room,,10.0,385.0,0.0,11,434,0.0,0.0,0.0,0.0,1.0,0.0,0.0,1.0,0.0,0.0,0.0,0.0,1.0,1.0,0.0,0.0,Punavuori
103,41800605,10.0,1.0,1.0,0.0,,4.0,1.0,2.0,1,CANCEL_FLEXIBLE,10.0,Helsinki,0,10.0,10.0,0,0,0,0,Hostel room,60.17928000000001,Helsingfors,10.0,24.95824,1125,1,0.0,2-х местный. №5. · Hotel-hostel INNTOURIST in the CENTER of Helsinki,2,18,55,45.0,100.0,within an hour,385.0,95.0,0,Private room in hostel,Private room,private_room,Hostel room,,10.0,385.0,0.0,0,0,1.0,0.0,1.0,1.0,1.0,1.0,0.0,1.0,0.0,1.0,1.0,0.0,0.0,1.0,1.0,0.0,Kamppi
104,31800006,10.0,1.0,1.0,0.0,4.92,1.0,2.0,3.0,1,CANCEL_FLEXIBLE,10.0,Helsinki,49,10.0,10.0,0,0,0,1,Entire apartment,60.16141,Helsinki,10.0,24.93654,1125,1,0.0,Central 2-Bedroom Design Apartment,6,15,164,47.0,100.0,within an hour,385.0,95.0,36,Entire serviced apartment,Entire home/apt,entire_home,Entire apartment,5.0,10.0,385.0,0.0,33,0,0.0,0.0,0.0,1.0,1.0,1.0,1.0,1.0,0.0,0.0,1.0,0.0,0.0,1.0,1.0,0.0,Harju
105,41639650,10.0,1.0,1.0,0.0,4.6,1.0,0.0,2.0,0,CANCEL_MODERATE,10.0,Helsinki,0,10.0,10.0,0,0,0,0,Entire apartment,60.179990000000004,Helsinki,10.0,24.956020000000002,7,1,0.85,Skandinaavinen minimalistin kaunis yksiö,2,9,90,1.0,100.0,within a few hours,385.0,95.0,5,Entire apartment,Entire home/apt,entire_home,Entire apartment,4.5,10.0,385.0,0.89,0,4347,0.0,0.0,0.0,0.0,1.0,0.0,1.0,1.0,0.0,0.0,1.0,0.0,0.0,1.0,0.0,0.0,Kontula
106,11349996,10.0,1.0,1.0,0.0,4.42,1.5,2.0,2.0,1,CANCEL_STRICT_14_WITH_GRACE_PERIOD,10.0,Helsinki,43,10.0,10.0,0,0,0,0,Entire apartment,60.16944,Helsinki,10.0,24.93189,90,1,0.84,You can´t be more central than this,5,46,201,1.0,0.0,unknown,385.0,95.0,204,Entire apartment,Entire home/apt,entire_home,Entire apartment,4.5,10.0,385.0,0.9,22,217,0.0,1.0,0.0,1.0,1.0,1.0,1.0,1.0,1.0,0.0,1.0,0.0,0.0,1.0,1.0,0.0,Kamppi
107,11995784,10.0,1.0,1.0,0.0,4.81,1.0,1.0,1.0,0,CANCEL_MODERATE,10.0,Helsinki,27,10.0,10.0,0,0,0,0,Private room,60.16588,Helsinki,10.0,24.9436,60,1,0.65,"Spacious room in a strict centre, Design District",2,14,96,1.0,100.0,within an hour,385.0,95.0,112,Private room in apartment,Private room,private_room,Private room,5.0,10.0,385.0,0.9,22,217,0.0,0.0,0.0,1.0,0.0,1.0,1.0,1.0,1.0,1.0,1.0,0.0,0.0,1.0,1.0,0.0,Kluuvi
108,28039361,9.0,1.0,1.0,0.0,4.74,1.0,2.0,3.0,1,CANCEL_MODERATE,9.0,Helsinki,33,9.0,10.0,0,0,0,1,Entire loft,60.17633000000001,Helsinki,10.0,24.92625,1125,1,0.0,Cosy and elegant city center  apartment with sauna,6,23,154,35.0,100.0,within an hour,62.0,92.0,84,Entire loft,Entire home/apt,entire_home,Entire loft,5.0,9.0,62.0,0.0,11,0,1.0,0.0,0.0,1.0,1.0,1.0,1.0,1.0,1.0,0.0,1.0,0.0,1.0,1.0,0.0,0.0,Alppila
109,30979980,9.0,1.0,1.0,0.0,4.45,1.0,0.0,3.0,1,CANCEL_STRICT_14_WITH_GRACE_PERIOD,9.0,Helsinki,43,9.0,10.0,0,0,0,1,Entire apartment,60.168769999999995,Helsinki,10.0,24.93597,1125,1,0.85,Charming Home in the City Centre,5,9,122,1.0,100.0,within an hour,62.0,92.0,11,Entire apartment,Entire home/apt,entire_home,Entire apartment,4.5,9.0,62.0,0.9,16,0,0.0,0.0,0.0,0.0,1.0,1.0,1.0,1.0,1.0,0.0,0.0,0.0,0.0,1.0,1.0,0.0,Etu-Töölö
110,32969952,9.0,1.0,1.0,0.0,4.88,1.0,1.0,1.0,1,CANCEL_MODERATE,9.0,Helsinki,13,9.0,10.0,0,0,0,0,Entire apartment,60.15778,Helsinki,10.0,24.94277,1125,1,0.85,"Disinfected well,  2-room home in Eira-area",3,35,104,1.0,100.0,within an hour,62.0,92.0,51,Entire apartment,Entire home/apt,entire_home,Entire apartment,5.0,9.0,62.0,0.9,11,0,0.0,0.0,0.0,1.0,1.0,0.0,1.0,1.0,0.0,0.0,0.0,0.0,0.0,1.0,1.0,0.0,Etu-Töölö
111,5831765,9.0,1.0,1.0,0.0,4.85,1.0,1.0,2.0,1,CANCEL_STRICT_14_WITH_GRACE_PERIOD,9.0,Helsinki,43,9.0,10.0,0,0,0,1,Entire apartment,60.17035,Helsinki,10.0,24.9462,1125,1,0.85,Modern Home 48,4,9,138,1.0,100.0,within an hour,62.0,92.0,55,Entire apartment,Entire home/apt,entire_home,Entire apartment,5.0,9.0,62.0,0.9,16,0,1.0,1.0,0.0,1.0,1.0,1.0,1.0,1.0,1.0,0.0,0.0,0.0,0.0,1.0,1.0,0.0,Myllypuro
112,35106534,9.0,1.0,1.0,0.0,4.91,1.5,1.0,2.0,0,CANCEL_FLEXIBLE,9.0,Helsinki,0,9.0,10.0,0,0,0,1,Entire apartment,60.2136,Helsinki,10.0,24.90008,14,1,1.0,Authentic neighborhood near bustling city center,2,11,77,1.0,100.0,within an hour,62.0,92.0,45,Entire apartment,Entire home/apt,entire_home,Entire apartment,5.0,9.0,62.0,1.0,0,0,0.0,1.0,0.0,0.0,1.0,1.0,1.0,1.0,0.0,0.0,1.0,1.0,0.0,1.0,0.0,0.0,Kamppi
113,26629536,9.0,1.0,1.0,0.0,4.86,1.5,0.0,2.0,1,CANCEL_STRICT_14_WITH_GRACE_PERIOD,9.0,Helsinki,43,9.0,10.0,0,0,0,1,Entire apartment,60.17174,Helsinki,10.0,24.94574,1125,1,0.0,Downtown high in the sky beauty,8,30,167,1.0,100.0,within an hour,62.0,92.0,144,Entire apartment,Entire home/apt,entire_home,Entire apartment,5.0,9.0,62.0,0.0,33,0,0.0,1.0,0.0,1.0,1.0,1.0,1.0,1.0,1.0,0.0,1.0,0.0,0.0,1.0,0.0,1.0,Ullanlinna
114,41005759,9.0,1.0,1.0,0.0,,1.0,1.0,1.0,1,CANCEL_MODERATE,9.0,Helsinki,7,9.0,10.0,0,0,0,0,Private room,60.17213,Helsingfors,10.0,24.91889,1125,1,0.0,"Stay in Central Area, Upscale yet relaxed",2,6,66,1.0,100.0,within an hour,62.0,92.0,2,Private room in apartment,Private room,private_room,Private room,,9.0,62.0,0.0,8,434,0.0,0.0,0.0,0.0,1.0,0.0,0.0,1.0,0.0,0.0,0.0,0.0,1.0,1.0,0.0,0.0,Vallila
115,37489336,9.0,1.0,1.0,0.0,4.94,1.0,0.0,1.0,0,CANCEL_FLEXIBLE,9.0,Helsinki,0,9.0,10.0,0,0,0,1,Entire apartment,60.18866,Helsinki,10.0,24.954710000000002,1125,1,0.8,"**30m2 Hippie district apartment, portable WIFI**",4,17,88,1.0,100.0,within an hour,62.0,92.0,17,Entire apartment,Entire home/apt,entire_home,Entire apartment,5.0,9.0,62.0,0.85,16,0,0.0,0.0,0.0,1.0,1.0,1.0,1.0,0.0,0.0,0.0,1.0,1.0,1.0,1.0,1.0,0.0,Siltasaari
116,40478353,9.0,1.0,1.0,0.0,,1.5,1.0,1.0,1,CANCEL_STRICT_14_WITH_GRACE_PERIOD,9.0,Helsinki,16,9.0,10.0,0,0,0,0,Private room,60.2335,Helsinki,10.0,24.9645,7,1,0.0,Pieni asuntovaunu metsän laidalla.,2,10,35,38.0,100.0,within an hour,62.0,92.0,2,Private room in bungalow,Private room,private_room,Private room,,9.0,62.0,0.0,11,0,0.0,0.0,1.0,1.0,1.0,1.0,1.0,1.0,0.0,0.0,1.0,1.0,0.0,1.0,0.0,1.0,Nordsjön kartano
117,40571070,9.0,1.0,1.0,0.0,4.8,1.0,1.0,1.0,1,CANCEL_MODERATE,9.0,Helsinki,38,9.0,10.0,0,0,0,0,Entire apartment,60.16604,Helsinki,10.0,24.93096,1125,2,0.0,Central 1BR city apartment with park view,4,7,115,1.0,100.0,within an hour,62.0,92.0,5,Entire apartment,Entire home/apt,entire_home,Entire apartment,5.0,9.0,62.0,0.0,16,0,0.0,0.0,0.0,0.0,1.0,0.0,0.0,1.0,1.0,0.0,0.0,0.0,0.0,1.0,0.0,0.0,Meri-Rastila
118,27872139,9.0,1.0,1.0,0.0,4.47,2.5,1.0,1.0,1,CANCEL_MODERATE,9.0,Helsinki,33,9.0,10.0,0,0,0,0,Private room,60.18734,Helsinki,10.0,24.87107,1125,1,0.85,COZY SINGLEROOM ON BEUTIFUL ISLAND,1,31,76,2.0,100.0,within an hour,62.0,92.0,19,Private room in house,Private room,private_room,Private room,4.5,9.0,62.0,0.95,0,326,1.0,0.0,1.0,0.0,1.0,1.0,0.0,1.0,0.0,0.0,1.0,1.0,1.0,1.0,0.0,0.0,Kluuvi
119,31302917,9.0,1.0,1.0,0.0,3.95,1.0,0.0,1.0,0,CANCEL_MODERATE,9.0,Helsinki,16,9.0,10.0,0,0,0,0,Entire apartment,60.16684,Helsingfors,10.0,24.92748,1125,1,0.0,Kamppi's private little studio,2,6,78,1.0,100.0,within an hour,62.0,92.0,63,Entire apartment,Entire home/apt,entire_home,Entire apartment,4.0,9.0,62.0,0.85,0,0,0.0,0.0,0.0,0.0,0.0,0.0,0.0,0.0,0.0,0.0,0.0,0.0,0.0,0.0,0.0,0.0,Ullanlinna
120,21493943,9.0,1.0,1.0,0.0,4.2,1.0,1.0,1.0,1,CANCEL_MODERATE,9.0,Helsinki,38,9.0,10.0,0,0,0,0,Entire apartment,60.16176,Helsinki,10.0,24.936999999999998,1125,2,0.0,Nice and cozy apartment in the Design District,2,10,109,1.0,100.0,within an hour,62.0,92.0,25,Entire apartment,Entire home/apt,entire_home,Entire apartment,4.0,9.0,62.0,0.0,0,0,0.0,0.0,0.0,1.0,1.0,1.0,0.0,1.0,0.0,0.0,0.0,0.0,0.0,1.0,1.0,0.0,Kamppi
121,28811855,9.0,1.0,1.0,0.0,4.45,1.0,1.0,2.0,0,CANCEL_STRICT_14_WITH_GRACE_PERIOD,9.0,Helsinki,16,9.0,10.0,0,0,0,0,Private room,60.16825,Helsingfors,10.0,24.92857,1125,1,0.82,Beautiful Room in Center,3,9,80,1.0,100.0,within an hour,62.0,92.0,71,Private room in apartment,Private room,private_room,Private room,4.5,9.0,62.0,0.87,13,0,0.0,0.0,0.0,0.0,1.0,0.0,0.0,0.0,1.0,0.0,0.0,0.0,1.0,1.0,0.0,0.0,Etu-Töölö
122,42959628,10.0,1.0,1.0,0.0,,1.0,1.0,2.0,1,CANCEL_FLEXIBLE,9.0,Helsinki,0,10.0,9.0,0,0,1,0,Private room,60.19916,Helsingfors,10.0,24.937920000000002,1125,1,0.0,Welcome to a bright separate room,2,6,26,40.0,100.0,within an hour,55.0,97.0,0,Private room in guesthouse,Private room,private_room,Private room,,9.0,55.0,0.0,0,0,1.0,0.0,0.0,0.0,1.0,0.0,0.0,1.0,0.0,0.0,1.0,0.0,0.0,1.0,0.0,0.0,Pihlajisto
123,16781278,10.0,1.0,1.0,0.0,4.55,1.5,3.0,7.0,1,CANCEL_FLEXIBLE,9.0,Helsinki,53,10.0,9.0,0,0,0,0,Entire apartment,60.17267,Helsinki,10.0,24.92764,28,1,0.7,Spacious and Peaceful 2BR in the City,8,27,177,1.0,100.0,within a few hours,55.0,97.0,180,Entire apartment,Entire home/apt,entire_home,Entire apartment,4.5,9.0,55.0,0.85,16,109,0.0,0.0,0.0,0.0,1.0,0.0,0.0,1.0,1.0,0.0,1.0,0.0,0.0,1.0,1.0,0.0,Itä-Pasila
124,41546063,10.0,1.0,1.0,0.0,4.11,1.5,1.0,0.0,1,CANCEL_STRICT_14_WITH_GRACE_PERIOD,9.0,Helsinki,22,10.0,9.0,0,0,0,0,Entire apartment,60.1878,Helsinki,10.0,24.95504,30,1,0.98,Yksiö Kalliossa.,2,4,76,1.0,100.0,within an hour,55.0,97.0,9,Entire apartment,Entire home/apt,entire_home,Entire apartment,4.0,9.0,55.0,0.98,11,0,0.0,0.0,0.0,1.0,1.0,0.0,1.0,0.0,0.0,0.0,1.0,0.0,0.0,1.0,0.0,1.0,Kamppi
125,38829138,10.0,1.0,1.0,0.0,4.85,1.0,0.0,1.0,1,CANCEL_FLEXIBLE,9.0,Helsinki,22,10.0,9.0,0,0,0,1,Entire apartment,60.192,Helsinki,10.0,24.94591,1125,1,0.95,Renovated apartment in prime location in Helsinki,3,15,89,1.0,100.0,within an hour,55.0,97.0,20,Entire apartment,Entire home/apt,entire_home,Entire apartment,5.0,9.0,55.0,0.97,16,0,0.0,1.0,0.0,1.0,1.0,1.0,1.0,0.0,1.0,0.0,1.0,0.0,0.0,1.0,0.0,0.0,Vilhonvuori
126,26178103,10.0,1.0,1.0,0.0,4.77,1.0,0.0,3.0,0,CANCEL_MODERATE,9.0,Helsinki,22,10.0,9.0,0,0,0,1,Entire apartment,60.25701,Helsinki,10.0,24.95281,10,1,1.0,Stylish & trendy 65 m2 studio apartment with sauna,4,21,101,1.0,100.0,within an hour,55.0,97.0,70,Entire apartment,Entire home/apt,entire_home,Entire apartment,5.0,9.0,55.0,0.88,11,0,0.0,0.0,0.0,1.0,1.0,1.0,0.0,1.0,0.0,0.0,1.0,0.0,0.0,1.0,0.0,1.0,Kamppi
127,31798157,10.0,1.0,1.0,0.0,4.76,2.5,2.0,4.0,1,CANCEL_FLEXIBLE,9.0,Helsinki,0,10.0,9.0,0,0,0,0,Private room,60.24805,Helsinki,10.0,24.99067,21,1,1.0,Bright and cosy bedroom in Helsinki! With a sauna.,2,6,45,1.0,100.0,within an hour,55.0,97.0,37,Private room in apartment,Private room,private_room,Private room,5.0,9.0,55.0,0.9,0,0,0.0,0.0,0.0,0.0,1.0,0.0,0.0,1.0,0.0,0.0,1.0,0.0,0.0,1.0,1.0,0.0,Ala-Malmi
128,41587894,10.0,1.0,1.0,0.0,5.0,1.5,1.0,1.0,1,CANCEL_STRICT_14_WITH_GRACE_PERIOD,9.0,Helsinki,0,10.0,9.0,0,0,0,1,Private room,60.18472,Helsinki,10.0,24.921310000000002,1125,1,0.8,Apartment ( Room 3) on the Main Street of Helsinki,2,12,86,1.0,90.0,within an hour,55.0,97.0,3,Private room in apartment,Private room,private_room,Private room,5.0,9.0,55.0,0.9,0,0,0.0,0.0,0.0,1.0,1.0,1.0,1.0,1.0,0.0,0.0,1.0,0.0,0.0,1.0,0.0,0.0,Linjat
129,41852939,10.0,1.0,1.0,0.0,,1.0,1.0,2.0,1,CANCEL_MODERATE,9.0,Helsinki,0,10.0,9.0,0,0,0,0,Private room,60.23517,Helsinki,10.0,25.11892000000001,1125,1,0.9,Comy & cozy room in shared apartment ❤️Room 1,2,17,39,1.0,100.0,within an hour,55.0,97.0,1,Private room in apartment,Private room,private_room,Private room,,9.0,55.0,0.95,0,0,0.0,0.0,0.0,0.0,0.0,0.0,1.0,1.0,0.0,0.0,1.0,0.0,0.0,1.0,0.0,0.0,Herttoniemenranta
130,19346473,10.0,1.0,1.0,0.0,4.86,1.0,1.0,1.0,1,CANCEL_MODERATE,9.0,Helsinki,43,10.0,9.0,0,0,0,1,Entire apartment,60.17167,Helsingfors,10.0,24.95815,40,1,0.8,"Modern, large studio apartment in city centre",3,7,141,1.0,100.0,within an hour,55.0,97.0,114,Entire apartment,Entire home/apt,entire_home,Entire apartment,5.0,9.0,55.0,0.9,0,0,0.0,0.0,0.0,1.0,1.0,1.0,1.0,1.0,1.0,0.0,0.0,0.0,0.0,1.0,1.0,0.0,Kumpula
131,42807038,10.0,1.0,1.0,0.0,,1.0,1.0,1.0,1,CANCEL_FLEXIBLE,9.0,Helsinki,0,10.0,9.0,0,0,1,0,Entire apartment,60.18622,Helsinki,10.0,24.91817,1125,1,0.7,Perfect Comfort in Töölö! 1-Bedroom Apartment,3,5,77,1.0,0.0,unknown,55.0,97.0,1,Entire apartment,Entire home/apt,entire_home,Entire apartment,,9.0,55.0,0.8,0,0,0.0,0.0,0.0,1.0,1.0,0.0,0.0,1.0,0.0,0.0,0.0,0.0,0.0,1.0,0.0,0.0,Hernesaari
132,40086522,10.0,1.0,1.0,0.0,5.0,1.0,1.0,2.0,0,CANCEL_STRICT_14_WITH_GRACE_PERIOD,9.0,Helsinki,5,10.0,9.0,0,0,0,0,Private room,60.160830000000004,Helsinki,10.0,24.93896,1125,1,0.0,Private bedroom/shared home w. hostess/women only,2,28,72,1.0,100.0,within an hour,55.0,97.0,8,Private room in apartment,Private room,private_room,Private room,5.0,9.0,55.0,0.85,11,326,0.0,0.0,0.0,1.0,1.0,1.0,1.0,1.0,0.0,0.0,1.0,0.0,0.0,1.0,0.0,0.0,Kamppi
133,42361882,10.0,1.0,1.0,0.0,,1.0,1.0,2.0,1,CANCEL_FLEXIBLE,9.0,Helsinki,5,10.0,9.0,0,0,1,0,Private room,60.270469999999996,Helsingfors,10.0,24.98566,7,1,0.8,Great Stay between Airport and City. With cats.,2,8,51,1.0,100.0,within a few hours,55.0,97.0,1,Private room in apartment,Private room,private_room,Private room,,9.0,55.0,0.9,0,109,0.0,0.0,0.0,1.0,1.0,0.0,1.0,1.0,0.0,0.0,0.0,1.0,0.0,1.0,1.0,0.0,Kruununhaka
134,42430201,10.0,1.0,1.0,0.0,4.67,1.5,2.0,3.0,0,CANCEL_STRICT_14_WITH_GRACE_PERIOD,9.0,Helsinki,0,10.0,9.0,0,0,0,0,Entire apartment,60.233419999999995,Helsinki,10.0,25.08295,1125,1,0.0,Nice apartment 76 m² near shopping mall and metro,5,24,101,1.0,100.0,within an hour,55.0,97.0,3,Entire apartment,Entire home/apt,entire_home,Entire apartment,4.5,9.0,55.0,0.0,16,0,0.0,1.0,0.0,1.0,1.0,1.0,1.0,1.0,0.0,0.0,1.0,1.0,0.0,1.0,1.0,1.0,Länsi-Pasila
135,11015755,10.0,1.0,1.0,0.0,4.77,1.0,1.0,1.0,1,CANCEL_STRICT_14_WITH_GRACE_PERIOD,9.0,Helsinki,27,10.0,9.0,0,0,0,0,Entire condominium,60.18662,Helsinki,10.0,24.91615,365,1,0.0,Studio in Töölö,2,5,109,37.0,100.0,within an hour,55.0,97.0,130,Entire condominium,Entire home/apt,entire_home,Entire condominium,5.0,9.0,55.0,0.0,0,0,0.0,0.0,0.0,0.0,1.0,1.0,1.0,1.0,1.0,0.0,1.0,0.0,0.0,1.0,1.0,1.0,Meri-Rastila
136,26129095,10.0,1.0,1.0,0.0,4.6,1.0,1.0,2.0,1,CANCEL_STRICT_14_WITH_GRACE_PERIOD,9.0,Helsinki,11,10.0,9.0,0,0,0,0,Private room,60.188419999999994,Helsinki,10.0,24.95945,40,1,0.88,Cozy Room in Kallio-Near Helsinki City Center,2,12,60,1.0,100.0,within an hour,55.0,97.0,63,Private room in apartment,Private room,private_room,Private room,4.5,9.0,55.0,0.93,11,0,1.0,0.0,0.0,0.0,0.0,0.0,1.0,1.0,1.0,0.0,0.0,0.0,0.0,1.0,0.0,0.0,Itä-Pasila
137,24927687,9.0,1.0,1.0,0.0,4.96,1.0,1.0,2.0,1,CANCEL_MODERATE,9.0,Helsinki,53,9.0,10.0,0,0,0,1,Entire apartment,60.16265,Helsingfors,10.0,24.92809,1125,1,0.85,Charming studio with traditional Finnish breakfast,3,15,136,1.0,100.0,within an hour,11.0,89.0,112,Entire apartment,Entire home/apt,entire_home,Entire apartment,5.0,9.0,11.0,0.95,22,109,0.0,0.0,1.0,1.0,0.0,1.0,1.0,1.0,1.0,0.0,1.0,0.0,0.0,1.0,0.0,1.0,Harju
138,37470317,9.0,1.0,1.0,0.0,4.38,1.5,2.0,3.0,1,CANCEL_MODERATE,9.0,Helsinki,54,9.0,10.0,0,0,0,0,Entire apartment,60.16907,Helsinki,10.0,24.96501,1125,1,0.0,Luminous 97m2  2BR apt w/Sauna in Katajanokka,6,16,142,1.0,100.0,within an hour,11.0,89.0,8,Entire apartment,Entire home/apt,entire_home,Entire apartment,4.5,9.0,11.0,0.0,16,0,0.0,0.0,0.0,0.0,1.0,1.0,1.0,1.0,0.0,0.0,0.0,0.0,0.0,1.0,0.0,0.0,Etu-Töölö
139,36755789,9.0,1.0,1.0,0.0,4.67,1.5,1.0,1.0,1,CANCEL_MODERATE,9.0,Helsinki,38,9.0,10.0,0,0,0,0,Entire condominium,60.16171,Helsinki,10.0,24.94647,35,1,0.9,Top floor studio in the heart of Helsinki,3,5,119,37.0,100.0,within an hour,11.0,89.0,14,Entire condominium,Entire home/apt,entire_home,Entire condominium,4.5,9.0,11.0,0.95,5,0,0.0,0.0,0.0,0.0,0.0,1.0,1.0,0.0,1.0,0.0,0.0,0.0,0.0,1.0,0.0,0.0,Kamppi
140,28994173,9.0,1.0,1.0,0.0,4.72,2.0,2.0,2.0,1,CANCEL_MODERATE,9.0,Helsinki,54,9.0,10.0,0,0,0,0,Entire apartment,60.16781999999999,Helsinki,10.0,24.9317,1125,2,0.0,Stunning and bright central residence with sauna,8,21,231,1.0,100.0,within an hour,11.0,89.0,32,Entire apartment,Entire home/apt,entire_home,Entire apartment,4.5,9.0,11.0,0.0,16,0,0.0,0.0,0.0,1.0,1.0,0.0,0.0,1.0,1.0,0.0,0.0,0.0,0.0,1.0,0.0,0.0,Etu-Töölö
141,40553766,9.0,1.0,1.0,0.0,,1.5,1.0,1.0,1,CANCEL_FLEXIBLE,9.0,Helsinki,0,9.0,10.0,0,0,0,0,Entire apartment,60.16689,Helsingfors,10.0,24.96669,1125,1,0.8,Charming flat with balcony in jugend Helsinki,2,22,126,1.0,100.0,within an hour,11.0,89.0,2,Entire apartment,Entire home/apt,entire_home,Entire apartment,,9.0,11.0,0.85,0,0,0.0,1.0,0.0,0.0,1.0,1.0,1.0,1.0,0.0,0.0,0.0,1.0,0.0,1.0,1.0,0.0,Reimarla
142,2377035,9.0,1.0,1.0,0.0,4.78,1.0,1.0,1.0,0,CANCEL_MODERATE,9.0,Helsinki,49,9.0,10.0,0,0,0,0,Entire townhouse,60.18404,Helsinki,10.0,24.98257000000001,25,1,0.91,Elegant city apartment on top floor at the sea,2,36,119,36.0,100.0,within an hour,11.0,89.0,78,Entire townhouse,Entire home/apt,entire_home,Entire townhouse,5.0,9.0,11.0,0.93,16,163,1.0,1.0,0.0,1.0,0.0,1.0,1.0,1.0,1.0,0.0,1.0,0.0,0.0,1.0,0.0,1.0,Harju
143,1714147,9.0,1.0,1.0,0.0,4.85,1.0,1.0,1.0,0,CANCEL_STRICT_14_WITH_GRACE_PERIOD,9.0,Helsinki,0,9.0,10.0,0,0,0,1,Private room,60.159890000000004,Helsinki,10.0,24.94821,1125,1,1.0,Top notch area if you want to be close to evthing.,1,24,77,37.0,80.0,within a few hours,11.0,89.0,142,Private room in condominium,Private room,private_room,Private room,5.0,9.0,11.0,1.0,0,0,0.0,0.0,0.0,0.0,0.0,1.0,1.0,1.0,1.0,0.0,0.0,0.0,0.0,1.0,0.0,0.0,Kamppi
144,18682338,9.0,1.0,1.0,0.0,4.79,1.5,3.0,5.0,0,CANCEL_STRICT_14_WITH_GRACE_PERIOD,9.0,Helsinki,65,9.0,10.0,0,0,0,1,Entire apartment,60.16143,Helsinki,10.0,24.92022,1125,1,0.0,"LUXURY 3 BEDROOM, SAUNA, BALCONY",10,29,128,1.0,100.0,within an hour,11.0,89.0,200,Entire apartment,Entire home/apt,entire_home,Entire apartment,5.0,9.0,11.0,0.0,16,272,0.0,1.0,0.0,0.0,1.0,1.0,1.0,1.0,1.0,1.0,1.0,0.0,0.0,1.0,1.0,0.0,Punavuori
145,19667533,9.0,1.0,1.0,0.0,4.27,1.0,1.0,2.0,1,CANCEL_MODERATE,9.0,Helsinki,38,9.0,10.0,0,0,0,0,Entire apartment,60.169259999999994,Helsinki,10.0,24.92546,1125,2,0.0,Unique studio in the heart of Helsinki,4,23,109,1.0,100.0,within an hour,11.0,89.0,63,Entire apartment,Entire home/apt,entire_home,Entire apartment,4.5,9.0,11.0,0.0,16,0,0.0,1.0,0.0,1.0,1.0,1.0,0.0,1.0,0.0,0.0,0.0,0.0,0.0,1.0,1.0,1.0,Patola
146,36219853,9.0,1.0,1.0,0.0,4.6,1.0,2.0,7.0,1,CANCEL_MODERATE,9.0,Helsinki,33,9.0,10.0,0,0,0,0,Entire apartment,60.24654,Helsinki,10.0,24.88457,30,1,0.75,Helsinki Hide Away,8,10,83,1.0,100.0,within an hour,11.0,89.0,48,Entire apartment,Entire home/apt,entire_home,Entire apartment,4.5,9.0,11.0,1.0,8,217,0.0,1.0,0.0,1.0,1.0,1.0,1.0,1.0,0.0,1.0,1.0,1.0,0.0,1.0,1.0,1.0,Siltasaari
147,36379385,9.0,1.0,1.0,0.0,4.8,1.5,1.0,1.0,1,CANCEL_MODERATE,9.0,Helsinki,33,9.0,10.0,0,0,0,0,Private room,60.18728,Helsinki,10.0,24.870639999999998,1125,1,0.9,Single Room on  Beautiful Island,1,8,69,2.0,100.0,within an hour,11.0,89.0,15,Private room in house,Private room,private_room,Private room,5.0,9.0,11.0,0.95,0,217,1.0,1.0,1.0,0.0,1.0,1.0,1.0,1.0,0.0,0.0,1.0,1.0,0.0,1.0,0.0,0.0,Kluuvi
148,42733399,9.0,1.0,1.0,0.0,,1.5,3.0,6.0,1,CANCEL_MODERATE,9.0,Helsinki,76,9.0,10.0,0,0,1,0,Entire condominium,60.17213,Helsinki,10.0,24.94471,1125,2,0.0,Stunning 95m2 apartment with sauna in Kaisaniemi,8,16,168,37.0,100.0,within an hour,11.0,89.0,0,Entire condominium,Entire home/apt,entire_home,Entire condominium,,9.0,11.0,0.0,16,0,0.0,0.0,0.0,0.0,1.0,0.0,0.0,1.0,1.0,0.0,0.0,0.0,0.0,1.0,0.0,0.0,Punavuori
149,26129212,9.0,1.0,1.0,0.0,4.87,1.0,1.0,2.0,1,CANCEL_STRICT_14_WITH_GRACE_PERIOD,9.0,Helsinki,11,9.0,10.0,0,0,0,0,Private room,60.186659999999996,Helsinki,10.0,24.958479999999998,1125,1,0.0,Lovely room of heart in the Kallio,2,13,60,1.0,100.0,within an hour,11.0,89.0,39,Private room in apartment,Private room,private_room,Private room,5.0,9.0,11.0,0.0,11,109,0.0,0.0,0.0,0.0,1.0,0.0,0.0,1.0,1.0,0.0,0.0,0.0,0.0,1.0,0.0,0.0,Ullanlinna
150,28929171,9.0,1.0,1.0,0.0,,1.5,1.0,0.0,0,CANCEL_STRICT_14_WITH_GRACE_PERIOD,9.0,Helsinki,8,9.0,10.0,0,0,0,0,Private room,60.16568,Helsingfors,10.0,24.97607,1125,1,0.82,Spacious Room,2,11,41,1.0,70.0,within a day,11.0,89.0,1,Private room in apartment,Private room,private_room,Private room,,9.0,11.0,0.9,0,0,0.0,0.0,0.0,0.0,1.0,0.0,0.0,1.0,0.0,0.0,1.0,0.0,0.0,1.0,0.0,0.0,Tapanila
151,26217722,9.0,1.0,1.0,1.0,4.56,1.5,2.0,5.0,1,CANCEL_MODERATE,10.0,Helsinki,43,8.0,10.0,0,0,0,0,Entire apartment,60.16952,Helsinki,9.0,24.933239999999998,1125,2,0.0,Enjoy luxurious 76m2+sauna stay in Kamppi Center!,7,16,231,1.0,100.0,within an hour,9.0,82.0,41,Entire apartment,Entire home/apt,entire_home,Entire apartment,4.5,9.0,9.0,0.0,16,0,0.0,1.0,0.0,0.0,1.0,1.0,1.0,1.0,1.0,0.0,1.0,0.0,0.0,1.0,0.0,1.0,Punavuori
152,19711057,9.0,1.0,1.0,1.0,4.62,1.5,1.0,1.0,0,CANCEL_STRICT_14_WITH_GRACE_PERIOD,10.0,Helsinki,11,8.0,10.0,0,0,0,0,Private room,60.16569000000001,Helsinki,9.0,24.97589,1125,1,0.6,Private room,2,9,59,1.0,70.0,within a day,9.0,82.0,43,Private room in apartment,Private room,private_room,Private room,4.5,9.0,9.0,0.88,0,0,0.0,0.0,0.0,0.0,1.0,1.0,0.0,1.0,0.0,0.0,1.0,0.0,1.0,1.0,0.0,0.0,Itä-Pasila
153,21324895,9.0,1.0,1.0,1.0,4.34,1.0,1.0,1.0,1,CANCEL_MODERATE,10.0,Helsinki,38,8.0,10.0,0,0,0,0,Entire apartment,60.186809999999994,Helsinki,9.0,24.95636,180,1,0.82,Cool Flat in Hipster Kallio!!!,3,15,104,1.0,67.0,within a few hours,9.0,82.0,91,Entire apartment,Entire home/apt,entire_home,Entire apartment,4.5,9.0,9.0,0.9,11,163,0.0,0.0,1.0,1.0,1.0,1.0,1.0,0.0,1.0,0.0,1.0,0.0,1.0,1.0,1.0,1.0,Kamppi
154,32101044,9.0,1.0,1.0,1.0,4.67,1.0,1.0,2.0,1,CANCEL_MODERATE,10.0,Helsinki,27,8.0,10.0,0,0,0,0,Entire apartment,60.19455,Helsingfors,9.0,24.9566,20,2,0.85,"Spacious, stylish apartment near the city centre",3,7,114,1.0,100.0,within an hour,9.0,82.0,39,Entire apartment,Entire home/apt,entire_home,Entire apartment,4.5,9.0,9.0,0.88,16,0,0.0,0.0,0.0,1.0,1.0,1.0,1.0,1.0,1.0,0.0,1.0,1.0,1.0,1.0,0.0,0.0,Kamppi
155,41798417,9.0,1.0,1.0,1.0,,4.0,1.0,3.0,1,CANCEL_FLEXIBLE,10.0,Helsinki,0,8.0,10.0,0,0,0,0,Hostel room,60.17863000000001,Helsingfors,9.0,24.95825,1125,1,0.0,Семейный номер. №7 · Hotel-hostel INNTOURIST in the CENTER of Helsinki,4,15,73,45.0,100.0,within an hour,9.0,82.0,1,Private room in hostel,Private room,private_room,Hostel room,,9.0,9.0,0.0,0,0,1.0,0.0,1.0,1.0,1.0,1.0,0.0,1.0,0.0,1.0,1.0,0.0,0.0,1.0,1.0,0.0,Kluuvi
156,21584437,9.0,1.0,1.0,1.0,4.49,1.5,1.0,2.0,1,CANCEL_MODERATE,10.0,Helsinki,38,8.0,10.0,0,0,0,0,Entire apartment,60.21524,Helsinki,9.0,24.95669,30,1,0.78,Peacefull home in Käpylä and on the airport route,3,15,102,1.0,100.0,within an hour,9.0,82.0,83,Entire apartment,Entire home/apt,entire_home,Entire apartment,4.5,9.0,9.0,0.86,11,0,1.0,0.0,0.0,1.0,1.0,1.0,1.0,1.0,0.0,0.0,1.0,0.0,0.0,1.0,1.0,1.0,Vesala
157,27600932,9.0,1.0,1.0,1.0,4.9,1.5,0.0,1.0,0,CANCEL_FLEXIBLE,10.0,Helsinki,0,8.0,10.0,0,0,0,1,Entire apartment,60.19441,Helsinki,9.0,24.95731,1125,1,1.0,"Stylish flat in Vallila/Kallio, perfect location",3,7,109,1.0,70.0,within a few hours,9.0,82.0,82,Entire apartment,Entire home/apt,entire_home,Entire apartment,5.0,9.0,9.0,0.78,43,0,0.0,0.0,0.0,1.0,0.0,1.0,1.0,1.0,0.0,1.0,1.0,1.0,1.0,1.0,1.0,0.0,Etu-Töölö
158,26627094,9.0,1.0,1.0,1.0,4.92,1.0,3.0,7.0,1,CANCEL_STRICT_14_WITH_GRACE_PERIOD,10.0,Helsinki,54,8.0,10.0,0,0,0,1,Entire apartment,60.17155,Helsinki,9.0,24.94493,1125,1,0.0,Downtown glamorous beauty,16,55,251,1.0,100.0,within an hour,9.0,82.0,198,Entire apartment,Entire home/apt,entire_home,Entire apartment,5.0,9.0,9.0,0.0,33,0,0.0,0.0,0.0,1.0,1.0,1.0,1.0,1.0,1.0,0.0,1.0,0.0,0.0,1.0,0.0,1.0,Punavuori
159,11930159,9.0,1.0,1.0,1.0,4.57,1.0,1.0,2.0,0,CANCEL_STRICT_14_WITH_GRACE_PERIOD,10.0,Helsinki,16,8.0,10.0,0,0,0,0,Entire apartment,60.16173000000001,Helsinki,9.0,24.93862,1125,1,0.92,Best Place to Sleep in Helsinki!,4,13,112,1.0,100.0,within an hour,9.0,82.0,58,Entire apartment,Entire home/apt,entire_home,Entire apartment,4.5,9.0,9.0,0.95,11,163,0.0,0.0,0.0,1.0,1.0,1.0,1.0,1.0,1.0,0.0,1.0,0.0,0.0,1.0,0.0,0.0,Alppikylä
160,16036201,9.0,1.0,1.0,1.0,4.33,1.0,1.0,2.0,1,CANCEL_STRICT_14_WITH_GRACE_PERIOD,10.0,Helsinki,16,8.0,10.0,0,0,0,0,Private room,60.16876,Helsinki,9.0,24.92592,1125,1,0.85,Cozy room in the heart of Helsinki,2,11,76,1.0,100.0,within an hour,9.0,82.0,99,Private room in apartment,Private room,private_room,Private room,4.5,9.0,9.0,0.95,11,0,0.0,0.0,0.0,0.0,1.0,1.0,0.0,1.0,1.0,0.0,0.0,0.0,1.0,1.0,0.0,0.0,Kaartinkaupunki
161,30857170,9.0,1.0,1.0,1.0,4.94,1.0,1.0,2.0,1,CANCEL_FLEXIBLE,10.0,Helsinki,27,8.0,10.0,0,0,0,0,Entire apartment,60.17178000000001,Helsinki,9.0,24.94564,28,1,0.8,A Roomy  Art Nouveau Flat -next to the Railway Stn,4,20,172,1.0,100.0,within a few hours,9.0,82.0,93,Entire apartment,Entire home/apt,entire_home,Entire apartment,5.0,9.0,9.0,0.9,11,109,0.0,0.0,0.0,0.0,1.0,0.0,0.0,1.0,0.0,0.0,0.0,0.0,0.0,1.0,0.0,0.0,Vallila
162,42749304,9.0,1.0,1.0,1.0,,1.0,1.0,2.0,1,CANCEL_MODERATE,10.0,Helsinki,38,8.0,10.0,0,0,1,0,Entire condominium,60.16678,Helsingfors,9.0,24.93096,1125,2,0.0,Unique 1BR apartment in the heart of the city,3,12,115,37.0,100.0,within an hour,9.0,82.0,0,Entire condominium,Entire home/apt,entire_home,Entire condominium,,9.0,9.0,0.0,16,0,0.0,0.0,0.0,0.0,1.0,0.0,0.0,1.0,1.0,0.0,0.0,0.0,0.0,1.0,0.0,0.0,Kamppi
163,37322868,9.0,1.0,1.0,1.0,4.75,2.0,1.0,1.0,1,CANCEL_STRICT_14_WITH_GRACE_PERIOD,10.0,Helsinki,22,8.0,10.0,0,0,0,0,Private room,60.239,Helsinki,9.0,24.96677,4,1,0.0,Cabin in the woods,2,5,49,38.0,0.0,within an hour,9.0,82.0,8,Private room in bungalow,Private room,private_room,Private room,5.0,9.0,9.0,0.0,11,0,0.0,1.0,1.0,1.0,0.0,1.0,1.0,1.0,0.0,0.0,1.0,1.0,0.0,1.0,0.0,1.0,Kamppi
164,41444017,9.0,1.0,1.0,1.0,5.0,1.5,1.0,1.0,1,CANCEL_STRICT_14_WITH_GRACE_PERIOD,10.0,Helsinki,16,8.0,10.0,0,0,0,1,Private room,60.18656,Helsinki,9.0,24.91998,1125,1,0.8,Apartment (Room 1) on the Main Street of Helsinki,2,12,105,1.0,90.0,within an hour,9.0,82.0,3,Private room in apartment,Private room,private_room,Private room,5.0,9.0,9.0,0.9,0,0,0.0,0.0,0.0,1.0,1.0,1.0,1.0,1.0,0.0,0.0,1.0,0.0,0.0,1.0,0.0,0.0,Kamppi
165,1993764,10.0,1.0,1.0,0.0,4.47,1.0,1.0,4.0,1,CANCEL_MODERATE,10.0,Helsinki,22,9.0,10.0,0,0,0,0,Entire apartment,60.1557,Helsinki,10.0,24.947860000000002,1125,1,0.75,Helsinki central luxury with sauna,4,25,141,1.0,100.0,within an hour,14.0,93.0,112,Entire apartment,Entire home/apt,entire_home,Entire apartment,4.5,10.0,14.0,0.95,11,98,0.0,0.0,0.0,0.0,1.0,1.0,0.0,1.0,1.0,0.0,0.0,0.0,0.0,1.0,0.0,0.0,Kamppi
166,41977582,10.0,1.0,1.0,0.0,,1.0,1.0,1.0,1,CANCEL_FLEXIBLE,10.0,Helsinki,0,9.0,10.0,0,0,0,0,Private room,60.23666,Helsinki,10.0,25.11778,1125,1,0.0,Comy & cozy room in shared apartment ❤️Room 2,2,14,35,1.0,100.0,within an hour,14.0,93.0,0,Private room in apartment,Private room,private_room,Private room,,10.0,14.0,0.0,0,0,0.0,0.0,0.0,0.0,0.0,0.0,1.0,0.0,0.0,0.0,1.0,0.0,0.0,1.0,0.0,0.0,Kluuvi
167,40676648,10.0,1.0,1.0,0.0,4.8,1.0,1.0,4.0,1,CANCEL_STRICT_14_WITH_GRACE_PERIOD,10.0,Helsinki,33,9.0,10.0,0,0,0,1,Entire apartment,60.17333000000001,Helsinki,10.0,24.95121,1125,1,0.0,Downtown Majestic Beauty,6,8,141,1.0,100.0,within an hour,14.0,93.0,10,Entire apartment,Entire home/apt,entire_home,Entire apartment,5.0,10.0,14.0,0.0,22,0,0.0,1.0,0.0,0.0,1.0,1.0,0.0,1.0,1.0,0.0,1.0,0.0,0.0,1.0,1.0,1.0,Roihuvuori
168,36549681,10.0,1.0,1.0,0.0,4.92,1.0,1.0,1.0,0,CANCEL_STRICT_14_WITH_GRACE_PERIOD,10.0,Helsinki,0,9.0,10.0,0,0,0,0,Private room,60.16038,Helsinki,10.0,24.94245,4,1,0.0,Private debroom in Eira – 1km from the center,2,1,63,1.0,100.0,within an hour,14.0,93.0,52,Private room in apartment,Private room,private_room,Private room,5.0,10.0,14.0,0.0,0,0,0.0,0.0,0.0,0.0,0.0,0.0,0.0,1.0,1.0,0.0,0.0,0.0,0.0,1.0,0.0,0.0,Kamppi
169,25242999,10.0,1.0,1.0,0.0,4.73,1.5,1.0,2.0,1,CANCEL_FLEXIBLE,10.0,Helsinki,33,9.0,10.0,0,0,0,1,Entire apartment,60.174380000000006,Helsinki,10.0,24.91733,1125,1,0.9,Spacious and stylish south facing city apartment,5,20,153,1.0,100.0,within an hour,14.0,93.0,51,Entire apartment,Entire home/apt,entire_home,Entire apartment,5.0,10.0,14.0,0.95,33,326,0.0,0.0,0.0,1.0,1.0,1.0,1.0,1.0,0.0,1.0,1.0,0.0,1.0,1.0,1.0,0.0,Kruununhaka
170,33382518,10.0,1.0,1.0,0.0,4.66,1.0,1.0,4.0,1,CANCEL_MODERATE,10.0,Helsinki,22,9.0,10.0,0,0,0,0,Entire condominium,60.15745,Helsingfors,10.0,24.95143,31,1,0.8,Peaceful two-room-flat in an upscale district,4,11,114,37.0,100.0,within a few hours,14.0,93.0,41,Entire condominium,Entire home/apt,entire_home,Entire condominium,4.5,10.0,14.0,0.0,16,109,0.0,0.0,0.0,0.0,1.0,1.0,0.0,1.0,1.0,0.0,0.0,0.0,0.0,1.0,0.0,1.0,Kamppi
171,32160996,10.0,1.0,1.0,0.0,4.88,1.5,1.0,2.0,1,CANCEL_MODERATE,10.0,Helsinki,33,9.0,10.0,0,0,0,1,Entire condominium,60.16624,Helsinki,10.0,24.93037,1125,1,0.77,Cozy apartment in heart of Helsinki with parking,4,6,179,37.0,100.0,within an hour,14.0,93.0,24,Entire condominium,Entire home/apt,entire_home,Entire condominium,5.0,10.0,14.0,0.91,11,0,0.0,1.0,0.0,1.0,1.0,1.0,1.0,1.0,1.0,0.0,1.0,0.0,0.0,1.0,0.0,1.0,Siltasaari
172,35302325,10.0,1.0,1.0,0.0,4.72,1.5,1.0,1.0,0,CANCEL_STRICT_14_WITH_GRACE_PERIOD,10.0,Helsinki,5,9.0,10.0,0,0,0,0,Private room,60.15586,Helsingfors,10.0,24.931639999999998,17,1,1.0,"Shared flat, private cute room",2,2,71,1.0,100.0,within an hour,14.0,93.0,43,Private room in apartment,Private room,private_room,Private room,4.5,10.0,14.0,0.97,16,0,0.0,0.0,0.0,0.0,1.0,1.0,0.0,0.0,0.0,0.0,0.0,0.0,0.0,1.0,0.0,0.0,Konala
173,15822795,10.0,1.0,1.0,0.0,4.69,1.0,1.0,3.0,1,CANCEL_FLEXIBLE,10.0,Helsinki,16,9.0,10.0,0,0,0,0,Entire apartment,60.23305,Helsinki,10.0,25.01565,1125,1,0.75,Homy two-room apartment close to everything,5,24,109,1.0,100.0,within an hour,14.0,93.0,91,Entire apartment,Entire home/apt,entire_home,Entire apartment,4.5,10.0,14.0,0.85,0,0,0.0,1.0,0.0,1.0,1.0,1.0,1.0,1.0,1.0,0.0,1.0,1.0,0.0,1.0,1.0,0.0,Latokartano
174,22377940,10.0,1.0,1.0,0.0,,1.0,1.0,1.0,1,CANCEL_STRICT_14_WITH_GRACE_PERIOD,10.0,Helsinki,0,9.0,10.0,0,0,0,0,Entire place,60.2162,Helsinki,10.0,24.87324,1125,1,0.0,"1 room apartment in Helsinki, Kornetintie 10 (ID 8075)",1,24,59,,70.0,within a few hours,14.0,93.0,0,,Entire home/apt,entire_home,Entire place,,10.0,14.0,0.0,0,0,0.0,0.0,0.0,0.0,1.0,0.0,0.0,0.0,0.0,0.0,0.0,0.0,0.0,1.0,0.0,0.0,Tapaninvainio
175,33305338,10.0,1.0,1.0,0.0,4.64,1.0,1.0,4.0,1,CANCEL_FLEXIBLE,10.0,Helsinki,32,9.0,10.0,0,0,0,0,Entire house,60.272130000000004,Helsinki,10.0,25.04149,30,1,0.8,Totinen tölli Tapanilan takana,4,9,115,2.0,100.0,within an hour,14.0,93.0,86,Entire house,Entire home/apt,entire_home,Entire house,4.5,10.0,14.0,0.85,14,0,1.0,1.0,0.0,1.0,1.0,1.0,1.0,1.0,0.0,1.0,1.0,0.0,0.0,1.0,1.0,1.0,Kluuvi
176,30973949,9.0,1.0,0.0,0.0,,0.0,1.0,1.0,1,CANCEL_STRICT_14_WITH_GRACE_PERIOD,8.0,Helsinki,0,9.0,9.0,0,0,0,0,Hotel room,60.14938000000001,Helsinki,9.0,24.98497,7,1,0.0,Double Room with Shared Bathroom in Suomenlinna,2,10,93,45.0,0.0,unknown,91.0,87.0,1,Room in hostel,Hotel room,hotel_room,Hotel room,,9.0,91.0,0.0,0,0,0.0,0.0,0.0,0.0,1.0,0.0,0.0,1.0,0.0,0.0,0.0,0.0,0.0,1.0,0.0,0.0,Siltasaari
177,21991859,9.0,1.0,0.0,0.0,4.32,1.0,2.0,5.0,1,CANCEL_STRICT_14_WITH_GRACE_PERIOD,8.0,Helsinki,43,9.0,9.0,0,0,0,0,Entire apartment,60.17284,Helsinki,9.0,24.92983,1125,1,0.9,"Whole nice Apt.(3rooms,70m2) in city centre",6,39,167,1.0,0.0,unknown,91.0,87.0,60,Entire apartment,Entire home/apt,entire_home,Entire apartment,4.5,9.0,91.0,1.0,27,543,0.0,0.0,0.0,0.0,1.0,0.0,1.0,1.0,1.0,0.0,0.0,0.0,1.0,1.0,1.0,1.0,Etu-Töölö
178,13731497,9.0,1.0,0.0,0.0,4.75,1.0,0.0,2.0,1,CANCEL_FLEXIBLE,8.0,Helsinki,16,9.0,9.0,0,0,0,1,Entire apartment,60.15691999999999,Helsinki,9.0,24.94572,5,1,0.0,Funky bohemian city residence,3,12,115,1.0,0.0,unknown,91.0,87.0,67,Entire apartment,Entire home/apt,entire_home,Entire apartment,5.0,9.0,91.0,0.98,33,109,0.0,0.0,1.0,0.0,0.0,1.0,1.0,1.0,1.0,0.0,1.0,0.0,1.0,1.0,0.0,0.0,Torkkelinmäki
179,42584393,9.0,1.0,0.0,0.0,5.0,1.5,1.0,2.0,0,CANCEL_FLEXIBLE,8.0,Helsinki,16,9.0,9.0,0,0,0,0,Entire apartment,60.166109999999996,Helsingfors,9.0,24.9744,1125,1,0.65,The black Pearl home,6,24,121,1.0,100.0,within an hour,91.0,87.0,3,Entire apartment,Entire home/apt,entire_home,Entire apartment,5.0,9.0,91.0,0.95,0,0,0.0,1.0,1.0,1.0,1.0,1.0,1.0,1.0,0.0,0.0,1.0,1.0,0.0,1.0,1.0,1.0,Punavuori
180,41653754,9.0,1.0,0.0,0.0,5.0,4.0,1.0,3.0,1,CANCEL_FLEXIBLE,8.0,Helsinki,0,9.0,9.0,0,0,0,0,Hostel room,60.17961999999999,Helsingfors,9.0,24.95892000000001,1125,1,0.0,Семейный номер. №2. · Hotel-hostel INNTOURIST in the CENTER of Helsinki,4,13,73,45.0,100.0,within an hour,91.0,87.0,3,Private room in hostel,Private room,private_room,Hostel room,5.0,9.0,91.0,0.0,0,0,1.0,0.0,1.0,1.0,1.0,1.0,0.0,1.0,0.0,1.0,1.0,0.0,0.0,1.0,1.0,0.0,Taka-Töölö
181,31973556,9.0,1.0,0.0,0.0,4.63,1.0,1.0,3.0,1,CANCEL_STRICT_14_WITH_GRACE_PERIOD,8.0,Helsinki,38,9.0,9.0,0,0,0,0,Entire apartment,60.2002,Helsinki,9.0,24.9404,1125,1,0.75,"Helsinki downtown Pasila ap for 4+1 child, parking",5,16,167,1.0,88.0,within an hour,91.0,87.0,16,Entire apartment,Entire home/apt,entire_home,Entire apartment,4.5,9.0,91.0,0.9,33,0,0.0,0.0,0.0,0.0,1.0,1.0,1.0,1.0,1.0,1.0,1.0,0.0,0.0,1.0,1.0,0.0,Patola
182,41587934,9.0,1.0,0.0,0.0,,1.5,1.0,3.0,1,CANCEL_STRICT_14_WITH_GRACE_PERIOD,8.0,Helsinki,16,9.0,9.0,0,0,0,1,Private room,60.18622,Helsinki,9.0,24.92214,1125,1,0.8,Apartment (Room 2) on the Main Street of Helsinki,4,14,105,1.0,90.0,within an hour,91.0,87.0,1,Private room in apartment,Private room,private_room,Private room,,9.0,91.0,0.9,11,0,0.0,0.0,0.0,1.0,1.0,1.0,1.0,1.0,0.0,0.0,1.0,0.0,0.0,1.0,0.0,0.0,Linjat
183,37384837,9.0,1.0,0.0,0.0,4.75,1.0,1.0,2.0,0,CANCEL_MODERATE,8.0,Helsinki,11,9.0,9.0,0,0,0,1,Entire apartment,60.193999999999996,Helsingfors,9.0,24.96007,8,1,0.0,Stylish Vallila apartment,4,2,109,1.0,100.0,within an hour,91.0,87.0,24,Entire apartment,Entire home/apt,entire_home,Entire apartment,5.0,9.0,91.0,0.0,0,0,0.0,0.0,0.0,0.0,0.0,0.0,1.0,1.0,0.0,0.0,0.0,0.0,0.0,1.0,0.0,0.0,Etu-Töölö
184,4898630,9.0,1.0,0.0,0.0,4.69,1.5,3.0,9.0,1,CANCEL_STRICT_14_WITH_GRACE_PERIOD,8.0,Helsinki,22,9.0,9.0,0,0,0,0,Entire apartment,60.15873000000001,Helsinki,9.0,24.92002,1125,1,0.8,"Stylish, modern + central:3BR+sauna",16,25,385,1.0,100.0,within an hour,91.0,87.0,265,Entire apartment,Entire home/apt,entire_home,Entire apartment,4.5,9.0,91.0,0.9,22,272,0.0,1.0,0.0,0.0,1.0,1.0,1.0,1.0,1.0,1.0,1.0,0.0,1.0,1.0,0.0,0.0,Vilhonvuori
185,2550059,9.0,1.0,0.0,0.0,4.77,1.5,2.0,2.0,1,CANCEL_STRICT_14_WITH_GRACE_PERIOD,8.0,Helsinki,87,9.0,9.0,0,0,0,0,Entire loft,60.1644,Helsinki,9.0,24.90296,1125,1,0.8,Design loft w sauna & sea view,4,39,256,35.0,0.0,unknown,91.0,87.0,132,Entire loft,Entire home/apt,entire_home,Entire loft,5.0,9.0,91.0,0.95,0,543,0.0,0.0,0.0,0.0,0.0,0.0,0.0,0.0,0.0,0.0,0.0,0.0,0.0,0.0,0.0,0.0,Punavuori
186,39164238,9.0,1.0,0.0,0.0,,1.0,1.0,0.0,1,CANCEL_FLEXIBLE,8.0,Helsinki,16,9.0,9.0,0,0,0,0,Private room,60.231880000000004,Helsinki,9.0,25.10118,7,1,0.94,Near to metro station,2,1,42,1.0,100.0,within a few hours,91.0,87.0,2,Private room in apartment,Private room,private_room,Private room,,9.0,91.0,0.95,0,0,0.0,0.0,0.0,0.0,1.0,0.0,0.0,1.0,0.0,0.0,1.0,0.0,0.0,1.0,0.0,0.0,Vilhonvuori
187,39743804,9.0,1.0,0.0,0.0,4.5,0.5,1.0,2.0,1,CANCEL_STRICT_14_WITH_GRACE_PERIOD,8.0,Helsinki,0,9.0,9.0,0,0,0,0,Shared room,60.206019999999995,Helsinki,9.0,24.8559,30,1,0.8,"Fantastic peaceful 1 room in Munkkivuori 
14m",2,9,39,36.0,0.0,unknown,91.0,87.0,3,Shared room in townhouse,Shared room,shared_room,Shared room,4.5,9.0,91.0,0.9,22,0,0.0,0.0,0.0,0.0,0.0,1.0,1.0,1.0,0.0,0.0,1.0,0.0,0.0,1.0,0.0,0.0,Kamppi
188,34502613,9.0,1.0,0.0,0.0,4.53,1.0,2.0,5.0,1,CANCEL_FLEXIBLE,8.0,Helsinki,32,9.0,9.0,0,0,0,0,Entire cabin,60.27361,Helsinki,9.0,25.04119,1125,1,0.9,"Puistolan punakka, puunattu puumaja",4,11,115,4.0,100.0,within an hour,91.0,87.0,45,Entire cabin,Entire home/apt,entire_home,Entire cabin,4.5,9.0,91.0,0.91,16,0,0.0,0.0,0.0,0.0,1.0,1.0,1.0,1.0,0.0,0.0,1.0,1.0,0.0,1.0,0.0,1.0,Kaartinkaupunki
189,41799227,9.0,1.0,0.0,0.0,,4.0,1.0,3.0,1,CANCEL_FLEXIBLE,8.0,Helsinki,0,9.0,9.0,0,0,0,0,Hostel room,60.178619999999995,Helsingfors,9.0,24.95967000000001,1125,1,0.0,Семейный номер. №10 · Hotel-hostel INNTOURIST in the CENTER of Helsinki,4,15,73,45.0,100.0,within an hour,91.0,87.0,0,Private room in hostel,Private room,private_room,Hostel room,,9.0,91.0,0.0,0,0,1.0,0.0,1.0,1.0,1.0,1.0,0.0,1.0,0.0,1.0,1.0,0.0,0.0,1.0,1.0,0.0,Etu-Töölö
190,5713056,,1.0,1.0,0.0,3.43,1.5,1.0,1.0,1,CANCEL_MODERATE,,Helsinki,33,,,0,0,0,0,Private room,60.18875,Helsinki,,24.87142,1125,1,0.92,HOMELY ROOM FOR 2 WITH SEA VIEW,2,20,74,2.0,100.0,within an hour,0.0,,7,Private room in house,Private room,private_room,Private room,3.5,,0.0,0.96,11,326,1.0,0.0,1.0,0.0,1.0,1.0,1.0,1.0,0.0,0.0,1.0,0.0,1.0,1.0,0.0,0.0,Kamppi
191,23867247,,1.0,1.0,0.0,4.59,1.0,1.0,1.0,1,CANCEL_FLEXIBLE,,Helsinki,38,,,0,0,0,0,Entire apartment,60.16464000000001,Helsinki,,24.92457000000001,1125,1,0.85,Comfy budget place with Sauna,4,11,154,1.0,100.0,within an hour,0.0,,58,Entire apartment,Entire home/apt,entire_home,Entire apartment,4.5,,0.0,0.95,11,0,1.0,0.0,0.0,0.0,1.0,0.0,0.0,1.0,1.0,0.0,1.0,0.0,1.0,1.0,1.0,0.0,Ullanlinna
192,13509024,,1.0,1.0,0.0,4.65,1.0,1.0,3.0,1,CANCEL_MODERATE,,Helsinki,22,,,0,0,0,0,Entire apartment,60.15625,Helsinki,,24.946270000000002,1125,1,0.75,Ullis Pearl - on the best street in Helsinki,4,34,128,1.0,100.0,within an hour,0.0,,69,Entire apartment,Entire home/apt,entire_home,Entire apartment,4.5,,0.0,0.9,11,98,0.0,0.0,0.0,1.0,1.0,1.0,0.0,1.0,1.0,0.0,0.0,0.0,0.0,1.0,1.0,0.0,Kluuvi
193,38279258,,1.0,1.0,0.0,4.0,1.0,1.0,1.0,1,CANCEL_FLEXIBLE,,Helsinki,0,,,0,0,0,0,Private room,60.21838,Helsinki,,24.856479999999998,1125,1,0.0,Nicely Designed Apartment,2,10,74,1.0,100.0,within a day,0.0,,3,Private room in apartment,Private room,private_room,Private room,4.0,,0.0,0.0,0,0,0.0,0.0,0.0,0.0,0.0,0.0,0.0,1.0,0.0,0.0,1.0,0.0,0.0,1.0,0.0,0.0,Etelä-Haaga
194,41797530,,1.0,1.0,0.0,,6.0,1.0,3.0,1,CANCEL_FLEXIBLE,,Helsinki,0,,,0,0,0,0,Hostel room,60.180080000000004,Helsingfors,,24.95841,1125,1,0.0,Семейный номер. №6. · Hotel-hostel INNTOURIST in the CENTER of Helsinki,4,12,73,45.0,100.0,within an hour,0.0,,0,Private room in hostel,Private room,private_room,Hostel room,,,0.0,0.0,0,0,1.0,0.0,1.0,1.0,1.0,1.0,0.0,1.0,0.0,1.0,1.0,0.0,0.0,1.0,1.0,0.0,Kluuvi
195,41363321,,1.0,1.0,0.0,,1.5,3.0,5.0,1,CANCEL_STRICT_14_WITH_GRACE_PERIOD,,Helsinki,22,,,0,0,0,1,Private room,60.18645,Helsinki,,24.91988,1125,1,0.75,Apartment on the Main Street of Helsinki,8,15,266,1.0,90.0,within an hour,0.0,,1,Private room in apartment,Private room,private_room,Private room,,,0.0,0.9,0,0,0.0,0.0,0.0,1.0,1.0,1.0,1.0,1.0,0.0,0.0,1.0,0.0,0.0,1.0,1.0,0.0,Etu-Töölö
196,22411680,,1.0,1.0,0.0,,1.0,1.0,3.0,1,CANCEL_STRICT_14_WITH_GRACE_PERIOD,,Helsinki,0,,,0,0,0,0,Entire place,60.21579000000001,Helsinki,,24.87277000000001,1125,1,0.0,Cozy triple hostel room with shared facilities (ID 8085),3,21,72,,70.0,within a few hours,0.0,,1,,Entire home/apt,entire_home,Entire place,,,0.0,0.0,0,0,0.0,0.0,0.0,0.0,1.0,0.0,0.0,0.0,0.0,0.0,0.0,0.0,0.0,1.0,0.0,0.0,Harju
197,23778149,,1.0,1.0,0.0,4.59,1.0,1.0,1.0,0,CANCEL_FLEXIBLE,,Helsinki,0,,,0,0,0,0,Private room,60.1799,Helsinki,,24.953129999999998,6,1,0.61,Bright room in the heart of Helsinki,4,6,83,1.0,100.0,within an hour,0.0,,55,Private room in apartment,Private room,private_room,Private room,4.5,,0.0,0.82,11,0,1.0,0.0,0.0,0.0,0.0,1.0,1.0,1.0,1.0,0.0,0.0,0.0,0.0,0.0,0.0,0.0,Patola
198,35342403,,1.0,1.0,0.0,4.86,1.0,1.0,3.0,0,CANCEL_FLEXIBLE,,Helsinki,22,,,0,0,0,1,Entire apartment,60.188359999999996,Helsingfors,,24.96529,1125,1,0.4,Modern studio close to center with WIFI,3,22,94,1.0,100.0,within an hour,0.0,,7,Entire apartment,Entire home/apt,entire_home,Entire apartment,5.0,,0.0,0.75,0,0,0.0,0.0,0.0,1.0,1.0,1.0,1.0,1.0,1.0,0.0,0.0,1.0,0.0,1.0,1.0,0.0,Kamppi
199,41813525,,1.0,1.0,0.0,,1.0,1.0,2.0,0,CANCEL_FLEXIBLE,,Helsinki,0,,,0,0,0,0,Entire apartment,60.19367,Helsinki,,24.95336,1125,1,0.0,Warm and unique apartment near Kallio,3,3,100,1.0,100.0,within an hour,0.0,,2,Entire apartment,Entire home/apt,entire_home,Entire apartment,,,0.0,0.0,0,0,1.0,0.0,0.0,0.0,1.0,1.0,1.0,1.0,0.0,0.0,1.0,0.0,0.0,1.0,0.0,1.0,Kuusisaari
200,29734812,9.0,1.0,1.0,0.0,4.9,1.0,1.0,2.0,1,CANCEL_MODERATE,9.0,Helsinki,33,9.0,9.0,0,0,0,1,Entire condominium,60.16559,Helsinki,9.0,24.93545,1125,1,0.9,Modern Apartment in the City Center of Helsinki,5,8,360,37.0,92.0,within a few hours,60.0,86.0,52,Entire condominium,Entire home/apt,entire_home,Entire condominium,5.0,8.0,60.0,0.92,11,326,1.0,0.0,0.0,0.0,0.0,1.0,1.0,1.0,0.0,0.0,0.0,0.0,1.0,1.0,0.0,0.0,Kamppi
201,42370980,9.0,1.0,1.0,0.0,,1.0,1.0,4.0,0,CANCEL_MODERATE,9.0,Helsinki,5,9.0,9.0,0,0,1,0,Shared room,60.18356,Helsinki,9.0,24.952370000000002,1125,1,1.0,Cozy Home Best Location in Hip Cool Area Girl Only,2,11,76,1.0,100.0,within an hour,60.0,86.0,0,Shared room in apartment,Shared room,shared_room,Shared room,,8.0,60.0,1.0,22,0,0.0,0.0,0.0,0.0,1.0,0.0,0.0,1.0,1.0,0.0,0.0,0.0,0.0,0.0,0.0,0.0,Punavuori
202,30722049,9.0,1.0,1.0,0.0,4.44,1.0,1.0,3.0,1,CANCEL_STRICT_14_WITH_GRACE_PERIOD,9.0,Helsinki,0,9.0,9.0,0,0,0,0,Entire apartment,60.23242,Helsingfors,9.0,24.87526,1125,1,0.0,SSA Spot Premium Apartment Helsinki,3,11,118,1.0,75.0,within an hour,60.0,86.0,9,Entire apartment,Entire home/apt,entire_home,Entire apartment,4.5,8.0,60.0,0.0,0,0,0.0,0.0,0.0,0.0,1.0,0.0,0.0,1.0,0.0,0.0,0.0,0.0,0.0,1.0,1.0,1.0,Kamppi
203,29531724,9.0,1.0,1.0,0.0,4.33,1.5,3.0,2.0,1,CANCEL_FLEXIBLE,9.0,Helsinki,0,9.0,9.0,0,0,0,0,Entire condominium,60.15812,Helsinki,9.0,24.92003,1125,1,0.75,"3 bedroom apartment with sauna, balcony and gym",8,25,288,37.0,100.0,within an hour,60.0,86.0,12,Entire condominium,Entire home/apt,entire_home,Entire condominium,4.5,8.0,60.0,0.85,22,0,1.0,0.0,0.0,0.0,1.0,0.0,0.0,1.0,1.0,1.0,1.0,0.0,1.0,1.0,0.0,0.0,Itä-Pasila
204,39571678,9.0,1.0,1.0,0.0,4.74,1.0,2.0,3.0,0,CANCEL_STRICT_14_WITH_GRACE_PERIOD,9.0,Helsinki,65,9.0,9.0,0,0,0,1,Entire apartment,60.1595,Helsinki,9.0,24.94203,1125,1,0.0,"2 BEDROOM, LUXURY KING BEDS, BALCONY, PARK VIEW",6,10,128,1.0,100.0,within an hour,60.0,86.0,19,Entire apartment,Entire home/apt,entire_home,Entire apartment,5.0,8.0,60.0,0.0,16,272,0.0,1.0,0.0,0.0,1.0,1.0,1.0,1.0,1.0,0.0,0.0,0.0,0.0,1.0,1.0,0.0,Etu-Töölö
205,30722739,9.0,1.0,1.0,0.0,3.4,1.0,0.0,2.0,1,CANCEL_STRICT_14_WITH_GRACE_PERIOD,9.0,Helsinki,0,9.0,9.0,0,0,0,0,Entire apartment,60.23242,Helsingfors,9.0,24.87526,1125,1,0.0,SSA Spot Premium Apartment Helsinki,2,8,98,1.0,75.0,within an hour,60.0,86.0,5,Entire apartment,Entire home/apt,entire_home,Entire apartment,3.5,8.0,60.0,0.0,0,0,0.0,0.0,0.0,0.0,1.0,0.0,0.0,1.0,0.0,0.0,0.0,0.0,0.0,1.0,1.0,1.0,Harju
206,43072263,9.0,1.0,1.0,0.0,,1.5,1.0,1.0,1,CANCEL_FLEXIBLE,9.0,Helsinki,0,9.0,9.0,0,0,1,0,Private room,60.23222,Helsinki,9.0,24.90036,3,1,0.0,Cheap Sleep in Helsinki,2,10,26,1.0,0.0,unknown,60.0,86.0,0,Private room in apartment,Private room,private_room,Private room,,8.0,60.0,0.0,0,0,0.0,0.0,0.0,0.0,0.0,0.0,0.0,0.0,1.0,0.0,1.0,0.0,0.0,0.0,0.0,0.0,Vallila
207,16178008,9.0,1.0,1.0,0.0,4.92,1.5,1.0,2.0,1,CANCEL_STRICT_14_WITH_GRACE_PERIOD,9.0,Helsinki,38,9.0,9.0,0,0,0,1,Private room,60.17478000000001,Helsinki,9.0,24.92282,1125,1,0.6,Da Mansion room 2 - Awesome City Center location,2,46,147,1.0,50.0,within a day,60.0,86.0,24,Private room in apartment,Private room,private_room,Private room,5.0,8.0,60.0,0.9,0,217,0.0,0.0,0.0,0.0,0.0,0.0,0.0,1.0,1.0,0.0,0.0,0.0,0.0,1.0,0.0,0.0,Torpparinmäki
208,1413969,9.0,1.0,1.0,0.0,4.84,1.0,1.0,1.0,0,CANCEL_FLEXIBLE,9.0,Helsinki,43,9.0,9.0,0,0,0,0,Entire apartment,60.15821,Helsinki,9.0,24.93589,1125,1,0.85,Stylish and cozy in the center with free parking,3,19,154,1.0,0.0,unknown,60.0,86.0,135,Entire apartment,Entire home/apt,entire_home,Entire apartment,5.0,8.0,60.0,0.95,22,0,0.0,0.0,0.0,0.0,1.0,1.0,1.0,1.0,0.0,1.0,1.0,1.0,1.0,1.0,1.0,0.0,Pukinmäki
209,31602136,9.0,1.0,1.0,0.0,4.33,1.0,1.0,3.0,1,CANCEL_FLEXIBLE,9.0,Helsinki,0,9.0,9.0,0,0,0,0,Private room,60.17243000000001,Helsinki,9.0,25.021829999999998,28,1,0.7,Town House Helsinki Laajasalo,2,25,77,67.0,100.0,within an hour,60.0,86.0,3,Private room in tiny house,Private room,private_room,Private room,4.5,8.0,60.0,0.9,0,0,0.0,0.0,1.0,0.0,1.0,0.0,0.0,1.0,0.0,0.0,1.0,0.0,1.0,1.0,0.0,0.0,Taka-Töölö
210,42972344,9.0,1.0,1.0,0.0,,1.0,1.0,1.0,1,CANCEL_FLEXIBLE,9.0,Helsinki,38,9.0,9.0,0,0,1,1,Entire apartment,60.15873000000001,Helsingfors,9.0,24.934379999999997,1125,1,0.0,Private and clean apartment in trendy area,4,17,160,1.0,100.0,within an hour,60.0,86.0,0,Entire apartment,Entire home/apt,entire_home,Entire apartment,,8.0,60.0,0.0,0,0,1.0,0.0,0.0,0.0,1.0,0.0,0.0,1.0,0.0,0.0,0.0,0.0,0.0,1.0,0.0,1.0,Mellunmäki
211,21963789,9.0,1.0,1.0,0.0,4.79,1.5,1.0,2.0,0,CANCEL_STRICT_14_WITH_GRACE_PERIOD,9.0,Helsinki,11,9.0,9.0,0,0,0,0,Private room,60.17863000000001,Helsingfors,9.0,24.94906,10,1,0.0,Bright room in the center of Helsinki,3,16,90,1.0,100.0,within an hour,60.0,86.0,84,Private room in apartment,Private room,private_room,Private room,5.0,8.0,60.0,0.0,11,0,0.0,0.0,0.0,0.0,0.0,0.0,0.0,1.0,1.0,0.0,0.0,0.0,0.0,1.0,0.0,0.0,Kruununhaka
212,15718039,9.0,1.0,1.0,0.0,4.79,2.5,4.0,6.0,1,CANCEL_STRICT_14_WITH_GRACE_PERIOD,9.0,Helsinki,65,9.0,9.0,0,0,0,1,Entire apartment,60.16109,Helsinki,9.0,24.94124,1125,1,0.95,Modern and stylish five room city apartment,8,34,450,1.0,100.0,within an hour,60.0,86.0,161,Entire apartment,Entire home/apt,entire_home,Entire apartment,5.0,8.0,60.0,0.95,0,0,1.0,0.0,1.0,1.0,1.0,1.0,1.0,1.0,1.0,1.0,1.0,0.0,1.0,1.0,1.0,0.0,Taka-Töölö
213,36423072,8.0,1.0,1.0,0.0,,1.0,1.0,1.0,1,CANCEL_FLEXIBLE,7.0,Helsinki,11,5.0,7.0,0,0,0,0,Entire house,60.15908,Helsingfors,8.0,24.94589,1125,1,0.0,Helsinki center apartment,3,8,141,2.0,0.0,unknown,7.0,69.0,1,Entire house,Entire home/apt,entire_home,Entire house,,7.0,7.0,0.0,0,0,0.0,0.0,0.0,0.0,1.0,0.0,0.0,1.0,1.0,0.0,0.0,0.0,0.0,1.0,0.0,0.0,Punavuori
214,10902694,8.0,1.0,1.0,0.0,4.52,1.0,3.0,6.0,0,CANCEL_FLEXIBLE,7.0,Helsinki,43,5.0,7.0,0,0,0,0,Entire apartment,60.17208,Helsinki,8.0,24.92837,1125,1,0.75,Spacious 3BR apartment in the center,8,26,256,1.0,100.0,within an hour,7.0,69.0,132,Entire apartment,Entire home/apt,entire_home,Entire apartment,4.5,7.0,7.0,0.85,16,109,0.0,0.0,0.0,0.0,1.0,1.0,0.0,1.0,1.0,0.0,1.0,0.0,1.0,1.0,0.0,0.0,Siltamäki
215,42003502,8.0,1.0,1.0,0.0,,1.5,1.0,1.0,0,CANCEL_FLEXIBLE,7.0,Helsinki,0,5.0,7.0,0,0,0,0,Private room,60.23283000000001,Helsingfors,8.0,24.87809,7,1,0.56,Room with firetruck between airport and citycentre,4,10,56,35.0,100.0,within an hour,7.0,69.0,1,Private room in loft,Private room,private_room,Private room,,7.0,7.0,0.82,12,0,1.0,1.0,0.0,1.0,0.0,1.0,1.0,1.0,0.0,0.0,1.0,0.0,0.0,1.0,1.0,0.0,Kontula
216,29983992,8.0,1.0,1.0,0.0,4.87,1.0,1.0,1.0,0,CANCEL_FLEXIBLE,7.0,Helsinki,22,5.0,7.0,0,0,0,1,Private room,60.2038,Helsinki,8.0,24.86908,1125,1,1.0,Helsinki Munkkivuori quiet environment 60m2,2,10,65,1.0,90.0,within an hour,7.0,69.0,31,Private room in apartment,Private room,private_room,Private room,5.0,7.0,7.0,1.0,0,326,1.0,1.0,0.0,1.0,1.0,1.0,1.0,1.0,1.0,0.0,0.0,0.0,1.0,1.0,1.0,0.0,Taka-Töölö
217,23554650,8.0,1.0,1.0,0.0,4.6,1.0,0.0,1.0,1,CANCEL_MODERATE,7.0,Helsinki,16,5.0,7.0,0,0,0,1,Entire apartment,60.167759999999994,Helsinki,8.0,24.933120000000002,1125,1,0.0,Location! Studio in a heart of Helsinki - Kamppi,4,9,146,1.0,60.0,within a day,7.0,69.0,15,Entire apartment,Entire home/apt,entire_home,Entire apartment,4.5,7.0,7.0,0.0,16,272,0.0,0.0,0.0,0.0,0.0,0.0,0.0,0.0,1.0,0.0,0.0,0.0,1.0,1.0,0.0,1.0,Harju
218,42993990,8.0,1.0,1.0,0.0,,1.0,2.0,0.0,1,CANCEL_FLEXIBLE,7.0,Helsinki,0,5.0,7.0,0,0,1,0,Entire apartment,60.23939,Helsinki,8.0,24.85012,365,1,0.9,Entire 2 bedroom big flat near Helsinki citycentre,6,7,96,1.0,100.0,within a few hours,7.0,69.0,0,Entire apartment,Entire home/apt,entire_home,Entire apartment,,7.0,7.0,0.95,0,0,0.0,0.0,0.0,0.0,1.0,0.0,0.0,1.0,1.0,0.0,1.0,0.0,0.0,1.0,0.0,0.0,Kamppi
219,40017917,8.0,1.0,1.0,0.0,5.0,1.0,0.0,2.0,0,CANCEL_FLEXIBLE,7.0,Helsinki,0,5.0,7.0,0,0,0,0,Entire apartment,60.18768000000001,Helsinki,8.0,24.95403,1125,1,0.0,Siisti ja hyvin toimiva yksiö hyvässä sijainnissa,4,10,128,1.0,100.0,within a few hours,7.0,69.0,5,Entire apartment,Entire home/apt,entire_home,Entire apartment,5.0,7.0,7.0,0.0,0,0,0.0,0.0,0.0,1.0,1.0,0.0,0.0,0.0,1.0,0.0,1.0,0.0,0.0,1.0,1.0,0.0,Katajanokka
