,id,reviews_scores_accuracy,allows_children,allows_infants,allows_pets,reviews_scores_avg_rating,bathrooms,bedrooms,beds,can_instant_book,cancel_policy,reviews_scores_checkin,city,cleaning_fee,reviews_scores_cleanliness,reviews_scores_communication,is_new_listing,is_super_host,reviews_scores_location,max_nights,min_nights,monthly_price_factor,person_capacity,picture_count,price_string,property_type_id,response_rate,response_time,review_count,reviews_scores_rating,reviews_count,room_type,reviews_scores_star,reviews_scores_value,visible_review_count,weekly_price_factor,extra_people,security,air_conditioning,balcony,nature_and_views,bed_linen,tv,coffee_machine,cooking_basics,white_goods,elevator,child_friendly,parking,outdoor_space,host_greeting,internet,long_term_stays,private_entrance,paikkakunnat
0,22858494,,1.0,1.0,0.0,4.5-5.0/5.0,0.5,0.0,1.0,1,CANCEL_STRICT_14_WITH_GRACE_PERIOD,,Helsinki,0,,,0,0,,1125,1,0.0,2,17,38,1.0,100%,within an hour,,,365,Entire home/apt,3.6-4.4/5.0,,,0.9,0,0,0.0,0.0,0.0,1.0,0.0,0.0,0.0,0.0,1.0,0.0,0.0,0.0,0.0,1.0,0.0,1.0,Kamppi
1,16501244,,1.0,1.0,0.0,4.5-5.0/5.0,1.5,1.0,3.0,0,CANCEL_MODERATE,,Helsinki,0,,,0,1,,60,1,0.8,7,22,58,37.0,100%,within an hour,,,327,Entire home/apt,4.5-5.0/5.0,,,0.88,8,217,0.0,0.0,0.0,1.0,1.0,1.0,1.0,1.0,0.0,0.0,1.0,0.0,1.0,1.0,1.0,0.0,Kamppi
2,28982354,,1.0,1.0,0.0,4.5-5.0/5.0,1.0,1.0,1.0,1,CANCEL_STRICT_14_WITH_GRACE_PERIOD,,Helsinki,0,,,0,1,,6,1,0.0,3,3,26,1.0,50-89%,within an hour,,,115,Shared room,4.5-5.0/5.0,,,0.0,0,0,0.0,0.0,0.0,1.0,1.0,1.0,1.0,1.0,1.0,0.0,1.0,0.0,0.0,1.0,0.0,0.0,Siltasaari
3,41969547,,1.0,1.0,0.0,,4.0,1.0,1.0,1,CANCEL_FLEXIBLE,,Helsinki,0,,,1,0,,1125,1,0.0,1,14,24,45.0,100%,within an hour,,,2,Shared room,,,,0.0,0,0,1.0,0.0,1.0,1.0,0.0,1.0,0.0,1.0,0.0,1.0,1.0,0.0,0.0,1.0,1.0,0.0,Kamppi
4,42901953,,1.0,1.0,0.0,,1.0,1.0,2.0,1,CANCEL_FLEXIBLE,,Helsinki,11,,,1,0,,1125,1,0.9,4,13,55,1.0,100%,within a few hours,,,1,Entire home/apt,,,,0.9,0,2173,0.0,0.0,0.0,0.0,1.0,1.0,1.0,1.0,0.0,0.0,1.0,0.0,0.0,1.0,1.0,0.0,Linjat
5,21557494,,1.0,1.0,0.0,4.5-5.0/5.0,1.0,1.0,1.0,0,CANCEL_FLEXIBLE,,Helsinki,0,,,0,1,,7,1,0.0,1,6,49,1.0,100%,within a few hours,,,162,Private room,4.5-5.0/5.0,,,0.0,0,0,0.0,0.0,0.0,1.0,0.0,0.0,0.0,1.0,1.0,0.0,0.0,0.0,0.0,1.0,0.0,0.0,Kluuvi
6,32799667,,1.0,1.0,0.0,4.5-5.0/5.0,1.0,0.0,2.0,1,CANCEL_MODERATE,,Helsinki,27,,,0,1,,1125,1,0.0,4,21,64,1.0,100%,within an hour,,,138,Entire home/apt,4.5-5.0/5.0,,,0.0,33,0,0.0,1.0,0.0,1.0,1.0,1.0,1.0,1.0,1.0,0.0,1.0,1.0,0.0,1.0,1.0,1.0,Etu-Töölö
7,18230458,,1.0,1.0,0.0,4.5-5.0/5.0,1.5,0.0,2.0,1,CANCEL_MODERATE,,Helsinki,16,,,0,1,,1125,1,0.9,2,12,76,1.0,100%,within a few hours,,,76,Entire home/apt,4.5-5.0/5.0,,,0.95,0,0,0.0,0.0,0.0,0.0,1.0,0.0,1.0,0.0,1.0,0.0,0.0,0.0,0.0,1.0,0.0,1.0,Kamppi
8,25500683,,1.0,1.0,0.0,4.5-5.0/5.0,1.0,0.0,2.0,0,CANCEL_MODERATE,,Helsinki,11,,,0,1,,1125,1,0.9,3,27,77,37.0,90-99%,within a few hours,,,93,Entire home/apt,4.5-5.0/5.0,,,0.93,33,217,0.0,0.0,0.0,1.0,0.0,1.0,1.0,1.0,1.0,0.0,0.0,0.0,1.0,1.0,1.0,1.0,Ullanlinna
9,11468881,,1.0,1.0,0.0,4.5-5.0/5.0,1.0,0.0,1.0,1,CANCEL_MODERATE,,Helsinki,26,,,0,0,,1124,1,0.0,2,9,75,1.0,100%,within an hour,,,503,Entire home/apt,3.6-4.4/5.0,,,0.9,0,217,0.0,0.0,0.0,0.0,1.0,0.0,0.0,1.0,1.0,0.0,1.0,0.0,1.0,1.0,0.0,0.0,Linjat
10,42403312,,1.0,1.0,0.0,4.5-5.0/5.0,1.5,1.0,1.0,1,CANCEL_FLEXIBLE,,Helsinki,0,,,0,0,,180,1,0.85,4,5,52,1.0,100%,within an hour,,,3,Entire home/apt,3.6-4.4/5.0,,,0.85,16,163,0.0,0.0,0.0,0.0,0.0,0.0,0.0,0.0,0.0,0.0,0.0,0.0,0.0,1.0,0.0,0.0,Kumpula
11,11540653,,1.0,1.0,0.0,4.5-5.0/5.0,1.0,1.0,1.0,0,CANCEL_FLEXIBLE,,Helsinki,11,,,0,0,,10,1,1.0,2,14,48,53.0,100%,within an hour,,,186,Entire home/apt,3.6-4.4/5.0,,,1.0,11,0,0.0,0.0,0.0,1.0,0.0,1.0,0.0,1.0,0.0,0.0,1.0,0.0,1.0,1.0,0.0,0.0,Itä-Pasila
12,42922180,,1.0,1.0,0.0,,1.0,1.0,2.0,1,CANCEL_FLEXIBLE,,Helsinki,0,,,1,0,,1125,1,0.0,2,5,26,40.0,100%,within an hour,,,0,Private room,,,,0.0,0,0,1.0,0.0,0.0,0.0,1.0,0.0,0.0,1.0,0.0,0.0,1.0,0.0,0.0,1.0,0.0,0.0,Itä-Pasila
13,42521388,,1.0,1.0,0.0,3.6-4.4/5.0,1.0,1.0,3.0,1,CANCEL_MODERATE,,Helsinki,0,,,0,0,,1125,1,0.69,3,11,35,1.0,100%,within an hour,,,6,Private room,3.6-4.4/5.0,,,0.9,9,97,1.0,0.0,0.0,1.0,1.0,0.0,0.0,1.0,0.0,0.0,0.0,0.0,0.0,1.0,1.0,0.0,Pikku Huopalahti
14,39002105,,1.0,1.0,0.0,4.5-5.0/5.0,1.5,1.0,1.0,1,CANCEL_FLEXIBLE,,Helsinki,4,,,0,1,,31,1,0.9,3,10,35,1.0,100%,within an hour,,,32,Private room,3.6-4.4/5.0,,,0.94,7,0,0.0,1.0,1.0,1.0,1.0,1.0,1.0,1.0,1.0,1.0,1.0,0.0,1.0,1.0,1.0,0.0,Kamppi
15,30949175,,1.0,1.0,0.0,4.5-5.0/5.0,1.0,1.0,2.0,1,CANCEL_MODERATE,,Helsinki,38,,,0,0,,1125,2,0.0,4,13,122,1.0,100%,within an hour,,,42,Entire home/apt,3.6-4.4/5.0,,,0.0,16,0,1.0,1.0,0.0,1.0,0.0,1.0,1.0,1.0,1.0,0.0,0.0,0.0,0.0,1.0,0.0,0.0,Taka-Töölö
16,32034311,,1.0,1.0,0.0,4.5-5.0/5.0,1.5,1.0,2.0,1,CANCEL_FLEXIBLE,,Helsinki,9,,,0,1,,12,1,1.0,2,6,55,37.0,100%,within an hour,,,65,Private room,4.5-5.0/5.0,,,0.9,16,0,0.0,0.0,0.0,1.0,1.0,1.0,0.0,1.0,1.0,0.0,0.0,0.0,1.0,1.0,0.0,0.0,Vilhonvuori
17,43049962,10/10,1.0,1.0,0.0,,1.0,1.0,2.0,1,CANCEL_MODERATE,9/10,Helsinki,0,9/10,10/10,1,0,10/10,7,1,0.0,2,6,39,1.0,100%,within an hour,42.0,80-94/100,1,Entire home/apt,,9/10,42.0,0.0,11,109,0.0,0.0,0.0,0.0,0.0,0.0,0.0,0.0,0.0,0.0,0.0,0.0,0.0,1.0,0.0,0.0,Etu-Töölö
18,28617132,10/10,1.0,1.0,0.0,4.5-5.0/5.0,1.0,0.0,1.0,1,CANCEL_MODERATE,9/10,Helsinki,0,9/10,10/10,0,0,10/10,10,1,1.0,3,22,95,1.0,0-49%,unknown,42.0,80-94/100,211,Entire home/apt,4.5-5.0/5.0,9/10,42.0,0.95,0,0,0.0,0.0,0.0,0.0,0.0,0.0,0.0,0.0,0.0,0.0,0.0,0.0,0.0,0.0,0.0,0.0,Kamppi
19,39774805,10/10,1.0,1.0,0.0,4.5-5.0/5.0,1.5,1.0,1.0,1,CANCEL_FLEXIBLE,9/10,Helsinki,4,9/10,10/10,0,1,10/10,31,1,0.9,3,10,32,1.0,100%,within an hour,42.0,80-94/100,27,Private room,4.5-5.0/5.0,9/10,42.0,0.94,7,0,0.0,1.0,1.0,1.0,0.0,1.0,1.0,1.0,1.0,1.0,1.0,0.0,1.0,1.0,1.0,0.0,Punavuori
20,36353225,10/10,1.0,1.0,0.0,4.5-5.0/5.0,1.0,1.0,1.0,1,CANCEL_STRICT_14_WITH_GRACE_PERIOD,9/10,Helsinki,0,9/10,10/10,0,0,10/10,1125,1,1.0,2,13,58,1.0,50-89%,within an hour,42.0,80-94/100,84,Private room,4.5-5.0/5.0,9/10,42.0,0.95,0,0,0.0,0.0,0.0,1.0,1.0,1.0,1.0,1.0,0.0,0.0,0.0,0.0,1.0,1.0,0.0,0.0,Kamppi
21,38771885,10/10,1.0,1.0,0.0,3.6-4.4/5.0,1.0,0.0,2.0,1,CANCEL_MODERATE,9/10,Helsinki,0,9/10,10/10,0,0,10/10,1125,1,0.8,3,8,81,1.0,50-89%,within a few hours,42.0,80-94/100,25,Entire home/apt,3.6-4.4/5.0,9/10,42.0,0.9,5,0,0.0,1.0,0.0,0.0,1.0,1.0,1.0,1.0,1.0,0.0,1.0,0.0,0.0,1.0,1.0,0.0,Harju
22,40033351,10/10,1.0,1.0,0.0,4.5-5.0/5.0,1.5,1.0,2.0,1,CANCEL_MODERATE,9/10,Helsinki,38,9/10,10/10,0,1,10/10,1125,2,0.0,4,19,122,37.0,100%,within an hour,42.0,80-94/100,13,Entire home/apt,4.5-5.0/5.0,9/10,42.0,0.0,16,0,0.0,1.0,0.0,1.0,1.0,1.0,1.0,1.0,1.0,1.0,1.0,0.0,0.0,1.0,1.0,1.0,Kontula
23,42684617,10/10,1.0,1.0,0.0,4.5-5.0/5.0,1.5,1.0,2.0,1,CANCEL_MODERATE,9/10,Helsinki,0,9/10,10/10,0,0,10/10,1125,1,0.85,2,18,46,1.0,100%,within an hour,42.0,80-94/100,4,Entire home/apt,4.5-5.0/5.0,9/10,42.0,0.9,0,0,0.0,0.0,0.0,1.0,1.0,1.0,1.0,1.0,0.0,0.0,0.0,0.0,0.0,1.0,1.0,0.0,Kamppi
24,42596142,10/10,1.0,1.0,0.0,,1.5,1.0,2.0,1,CANCEL_FLEXIBLE,9/10,Helsinki,0,9/10,10/10,1,0,10/10,1125,1,1.0,1,6,26,1.0,0-49%,unknown,42.0,80-94/100,2,Private room,,9/10,42.0,1.0,0,0,0.0,0.0,0.0,0.0,0.0,0.0,0.0,1.0,0.0,0.0,0.0,0.0,0.0,1.0,0.0,0.0,Kluuvi
25,41758970,10/10,1.0,1.0,0.0,3.6-4.4/5.0,1.0,1.0,1.0,1,CANCEL_MODERATE,9/10,Helsinki,0,9/10,10/10,0,0,10/10,1125,1,1.0,4,13,93,1.0,50-89%,within a few hours,42.0,80-94/100,3,Entire home/apt,3.6-4.4/5.0,9/10,42.0,1.0,5,0,0.0,1.0,0.0,1.0,1.0,1.0,1.0,1.0,0.0,0.0,0.0,0.0,0.0,1.0,1.0,0.0,Alppila
26,24045106,10/10,1.0,1.0,0.0,4.5-5.0/5.0,1.0,1.0,2.0,1,CANCEL_STRICT_14_WITH_GRACE_PERIOD,9/10,Helsinki,43,9/10,10/10,0,1,10/10,1124,1,0.85,4,11,116,37.0,100%,within an hour,42.0,80-94/100,22,Entire home/apt,4.5-5.0/5.0,9/10,42.0,0.9,16,0,0.0,0.0,0.0,1.0,1.0,1.0,1.0,1.0,1.0,0.0,0.0,0.0,0.0,1.0,1.0,0.0,Etu-Töölö
27,18521789,10/10,1.0,1.0,0.0,4.5-5.0/5.0,0.5,1.0,2.0,1,CANCEL_STRICT_14_WITH_GRACE_PERIOD,9/10,Helsinki,15,9/10,10/10,0,1,10/10,120,1,0.72,2,13,58,1.0,100%,within an hour,42.0,80-94/100,105,Private room,4.5-5.0/5.0,9/10,42.0,0.96,15,97,0.0,0.0,0.0,0.0,0.0,1.0,0.0,1.0,1.0,0.0,1.0,1.0,1.0,1.0,0.0,0.0,Myllypuro
28,33890366,10/10,1.0,1.0,0.0,4.5-5.0/5.0,1.0,0.0,3.0,0,CANCEL_MODERATE,9/10,Helsinki,22,9/10,10/10,0,1,10/10,1125,1,0.0,4,9,109,35.0,100%,within a few hours,42.0,80-94/100,130,Entire home/apt,4.5-5.0/5.0,9/10,42.0,0.0,0,0,0.0,0.0,0.0,0.0,1.0,1.0,1.0,0.0,0.0,0.0,1.0,0.0,0.0,1.0,0.0,1.0,Kamppi
29,43064194,10/10,1.0,1.0,0.0,,1.0,1.0,2.0,1,CANCEL_FLEXIBLE,9/10,Helsinki,0,9/10,10/10,1,0,10/10,60,1,0.55,2,4,46,47.0,100%,within an hour,42.0,80-94/100,0,Private room,,9/10,42.0,0.65,0,0,0.0,0.0,0.0,0.0,0.0,0.0,0.0,1.0,0.0,0.0,0.0,0.0,1.0,1.0,0.0,0.0,Ullanlinna
30,36196446,10/10,1.0,1.0,0.0,4.5-5.0/5.0,1.0,1.0,1.0,1,CANCEL_FLEXIBLE,9/10,Helsinki,0,9/10,10/10,0,0,10/10,1125,1,0.0,2,9,41,1.0,100%,within an hour,42.0,80-94/100,27,Private room,4.5-5.0/5.0,9/10,42.0,0.0,0,0,0.0,0.0,0.0,0.0,0.0,0.0,0.0,1.0,1.0,0.0,1.0,0.0,1.0,1.0,0.0,1.0,Nordsjön kartano
31,34367632,10/10,1.0,1.0,0.0,4.5-5.0/5.0,1.0,1.0,2.0,1,CANCEL_STRICT_14_WITH_GRACE_PERIOD,10/10,Helsinki,38,10/10,10/10,0,0,10/10,1125,2,0.0,4,12,122,1.0,100%,within an hour,105.0,80-94/100,21,Entire home/apt,3.6-4.4/5.0,9/10,105.0,0.0,16,0,0.0,1.0,0.0,1.0,1.0,1.0,1.0,1.0,1.0,1.0,1.0,0.0,0.0,1.0,1.0,1.0,Meri-Rastila
32,29644231,10/10,1.0,1.0,0.0,4.5-5.0/5.0,1.5,1.0,1.0,1,CANCEL_MODERATE,10/10,Helsinki,0,10/10,10/10,0,1,10/10,1125,1,0.8,2,16,101,37.0,100%,within an hour,105.0,80-94/100,158,Entire home/apt,4.5-5.0/5.0,9/10,105.0,0.9,0,0,0.0,0.0,0.0,1.0,1.0,1.0,1.0,1.0,0.0,0.0,1.0,0.0,1.0,1.0,0.0,0.0,Kluuvi
33,3408263,10/10,1.0,1.0,0.0,4.5-5.0/5.0,1.0,0.0,1.0,1,CANCEL_MODERATE,10/10,Helsinki,26,10/10,10/10,0,0,10/10,1124,1,0.74,2,9,75,1.0,100%,within an hour,105.0,80-94/100,606,Entire home/apt,3.6-4.4/5.0,9/10,105.0,0.9,0,217,0.0,0.0,0.0,0.0,1.0,0.0,0.0,1.0,0.0,0.0,1.0,0.0,1.0,1.0,1.0,0.0,Ullanlinna
34,4459868,10/10,1.0,1.0,0.0,4.5-5.0/5.0,1.0,0.0,3.0,1,CANCEL_FLEXIBLE,10/10,Helsinki,14,10/10,10/10,0,0,10/10,1125,1,0.8,4,22,95,1.0,100%,within an hour,105.0,80-94/100,603,Entire home/apt,4.5-5.0/5.0,9/10,105.0,0.9,9,0,0.0,1.0,1.0,1.0,1.0,1.0,1.0,1.0,1.0,1.0,1.0,0.0,0.0,1.0,1.0,0.0,Kamppi
35,38727425,10/10,1.0,1.0,0.0,4.5-5.0/5.0,1.0,1.0,1.0,0,CANCEL_FLEXIBLE,10/10,Helsinki,0,10/10,10/10,0,1,10/10,1125,1,0.0,2,6,27,37.0,50-89%,within an hour,105.0,80-94/100,52,Private room,4.5-5.0/5.0,9/10,105.0,0.0,0,0,0.0,0.0,0.0,0.0,0.0,0.0,0.0,0.0,0.0,0.0,0.0,0.0,0.0,1.0,0.0,0.0,Etu-Töölö
36,39487366,10/10,1.0,1.0,0.0,4.5-5.0/5.0,1.0,1.0,0.0,1,CANCEL_FLEXIBLE,10/10,Helsinki,4,10/10,10/10,0,1,10/10,28,1,0.0,3,4,28,1.0,100%,within an hour,105.0,80-94/100,8,Private room,3.6-4.4/5.0,9/10,105.0,0.94,7,0,0.0,1.0,1.0,1.0,1.0,1.0,1.0,1.0,0.0,1.0,1.0,1.0,1.0,1.0,0.0,0.0,Pihlajisto
37,31606666,10/10,1.0,1.0,0.0,4.5-5.0/5.0,1.0,1.0,1.0,1,CANCEL_MODERATE,10/10,Helsinki,43,10/10,10/10,0,0,10/10,1125,2,0.0,4,13,129,1.0,100%,within an hour,105.0,80-94/100,27,Entire home/apt,4.5-5.0/5.0,9/10,105.0,0.0,16,0,0.0,0.0,0.0,0.0,1.0,1.0,1.0,1.0,1.0,0.0,0.0,0.0,0.0,1.0,0.0,0.0,Itä-Pasila
38,37905256,10/10,1.0,1.0,0.0,3.6-4.4/5.0,1.0,1.0,1.0,1,CANCEL_MODERATE,10/10,Helsinki,20,10/10,10/10,0,0,10/10,1125,1,0.0,4,6,79,1.0,100%,within an hour,105.0,80-94/100,49,Entire home/apt,3.6-4.4/5.0,9/10,105.0,0.95,11,0,0.0,0.0,0.0,1.0,0.0,0.0,1.0,0.0,0.0,0.0,0.0,0.0,1.0,1.0,0.0,0.0,Kamppi
39,42545597,10/10,1.0,1.0,0.0,,1.5,1.0,1.0,1,CANCEL_MODERATE,10/10,Helsinki,38,10/10,10/10,1,0,10/10,1125,2,0.0,4,16,115,37.0,100%,within an hour,105.0,80-94/100,2,Entire home/apt,,9/10,105.0,0.0,16,0,0.0,1.0,0.0,1.0,1.0,1.0,1.0,1.0,0.0,1.0,1.0,0.0,0.0,1.0,1.0,0.0,Vilhonvuori
40,33603361,10/10,1.0,1.0,0.0,4.5-5.0/5.0,1.0,0.0,3.0,1,CANCEL_MODERATE,10/10,Helsinki,16,10/10,10/10,0,1,10/10,1125,1,0.0,3,8,89,35.0,100%,within a few hours,105.0,80-94/100,113,Entire home/apt,4.5-5.0/5.0,9/10,105.0,0.0,0,0,0.0,0.0,0.0,0.0,1.0,1.0,1.0,0.0,0.0,0.0,0.0,0.0,1.0,1.0,0.0,1.0,Kamppi
41,26240541,10/10,1.0,1.0,0.0,3.6-4.4/5.0,1.0,1.0,1.0,1,CANCEL_STRICT_14_WITH_GRACE_PERIOD,10/10,Helsinki,5,10/10,10/10,0,0,10/10,1125,1,1.0,2,11,39,1.0,100%,within an hour,105.0,80-94/100,84,Private room,3.6-4.4/5.0,9/10,105.0,1.0,11,0,0.0,0.0,0.0,0.0,1.0,0.0,0.0,1.0,1.0,0.0,1.0,0.0,0.0,1.0,0.0,1.0,Ala-Malmi
42,43030513,10/10,1.0,1.0,0.0,,1.0,1.0,2.0,1,CANCEL_FLEXIBLE,10/10,Helsinki,0,10/10,10/10,1,0,10/10,1125,1,0.0,2,6,26,40.0,100%,within an hour,105.0,80-94/100,0,Private room,,9/10,105.0,0.0,0,0,1.0,0.0,0.0,0.0,1.0,0.0,0.0,1.0,0.0,0.0,1.0,0.0,1.0,1.0,0.0,0.0,Linjat
43,25399185,10/10,1.0,1.0,0.0,4.5-5.0/5.0,1.0,1.0,0.0,1,CANCEL_MODERATE,10/10,Helsinki,27,10/10,10/10,0,1,10/10,1125,1,0.0,4,5,96,1.0,100%,within a few hours,105.0,80-94/100,128,Entire home/apt,4.5-5.0/5.0,9/10,105.0,0.9,16,217,0.0,0.0,0.0,0.0,0.0,1.0,1.0,1.0,1.0,0.0,0.0,0.0,0.0,1.0,0.0,0.0,Herttoniemenranta
44,41781809,10/10,1.0,1.0,0.0,,4.0,1.0,2.0,1,CANCEL_FLEXIBLE,10/10,Helsinki,0,10/10,10/10,0,0,10/10,1125,1,0.0,2,17,55,45.0,100%,within an hour,105.0,80-94/100,0,Private room,,9/10,105.0,0.0,0,0,1.0,0.0,1.0,1.0,1.0,1.0,0.0,1.0,0.0,1.0,1.0,0.0,0.0,1.0,1.0,0.0,Kumpula
45,17834020,10/10,1.0,1.0,0.0,4.5-5.0/5.0,0.5,0.0,1.0,1,CANCEL_FLEXIBLE,10/10,Helsinki,11,10/10,10/10,0,0,10/10,1125,1,0.85,3,19,107,1.0,100%,within an hour,105.0,80-94/100,326,Entire home/apt,3.6-4.4/5.0,9/10,105.0,0.9,11,0,0.0,0.0,0.0,1.0,1.0,1.0,1.0,1.0,1.0,0.0,1.0,0.0,1.0,1.0,1.0,0.0,Hernesaari
46,20977238,10/10,1.0,1.0,0.0,4.5-5.0/5.0,1.0,1.0,1.0,0,CANCEL_STRICT_14_WITH_GRACE_PERIOD,10/10,Helsinki,11,10/10,10/10,0,0,10/10,1125,1,0.9,2,8,42,1.0,100%,within an hour,105.0,80-94/100,102,Private room,3.6-4.4/5.0,9/10,105.0,0.95,11,0,0.0,1.0,0.0,1.0,1.0,1.0,1.0,1.0,1.0,0.0,0.0,0.0,1.0,1.0,1.0,0.0,Kamppi
47,11879784,10/10,1.0,1.0,0.0,4.5-5.0/5.0,1.5,0.0,1.0,0,CANCEL_MODERATE,10/10,Helsinki,0,10/10,10/10,0,1,10/10,1125,1,0.72,2,14,75,1.0,100%,within a few hours,105.0,80-94/100,26,Entire home/apt,4.5-5.0/5.0,9/10,105.0,0.87,22,0,0.0,0.0,0.0,1.0,1.0,1.0,1.0,1.0,1.0,0.0,1.0,0.0,0.0,1.0,0.0,0.0,Kruununhaka
48,22055402,10/10,1.0,1.0,0.0,4.5-5.0/5.0,1.0,1.0,1.0,1,CANCEL_MODERATE,10/10,Helsinki,10,10/10,10/10,0,1,10/10,30,1,1.0,2,11,56,37.0,100%,within an hour,105.0,80-94/100,119,Private room,4.5-5.0/5.0,9/10,105.0,1.0,0,0,1.0,1.0,0.0,1.0,1.0,1.0,1.0,1.0,1.0,0.0,0.0,0.0,1.0,1.0,1.0,0.0,Länsi-Pasila
49,37514841,10/10,1.0,1.0,0.0,4.5-5.0/5.0,1.0,1.0,2.0,0,CANCEL_MODERATE,10/10,Helsinki,11,10/10,10/10,0,1,10/10,31,1,0.8,3,15,45,1.0,100%,within a few hours,128.0,95-100/100,33,Private room,4.5-5.0/5.0,9/10,128.0,0.9,22,0,1.0,1.0,0.0,1.0,0.0,1.0,1.0,0.0,0.0,0.0,1.0,1.0,0.0,1.0,1.0,1.0,Meri-Rastila
50,31213330,10/10,1.0,1.0,0.0,4.5-5.0/5.0,1.0,1.0,1.0,1,CANCEL_MODERATE,10/10,Helsinki,27,10/10,10/10,0,1,10/10,1125,1,0.75,2,24,109,37.0,100%,within an hour,128.0,95-100/100,77,Entire home/apt,4.5-5.0/5.0,9/10,128.0,0.89,0,217,0.0,0.0,1.0,0.0,1.0,1.0,1.0,1.0,0.0,0.0,0.0,1.0,0.0,1.0,1.0,0.0,Harju
51,37307947,10/10,1.0,1.0,0.0,4.5-5.0/5.0,1.0,0.0,2.0,1,CANCEL_MODERATE,10/10,Helsinki,0,10/10,10/10,0,0,10/10,1125,1,0.8,3,9,92,1.0,50-89%,within a few hours,128.0,95-100/100,34,Entire home/apt,3.6-4.4/5.0,9/10,128.0,0.9,5,0,0.0,0.0,0.0,1.0,1.0,1.0,1.0,1.0,1.0,0.0,1.0,0.0,0.0,1.0,1.0,0.0,Etu-Töölö
52,38743638,10/10,1.0,1.0,0.0,4.5-5.0/5.0,1.0,1.0,3.0,1,CANCEL_FLEXIBLE,10/10,Helsinki,16,10/10,10/10,0,1,10/10,1125,1,0.8,4,19,114,1.0,100%,within an hour,128.0,95-100/100,25,Entire home/apt,4.5-5.0/5.0,9/10,128.0,0.9,27,0,0.0,0.0,0.0,0.0,1.0,1.0,1.0,1.0,0.0,0.0,1.0,0.0,0.0,1.0,1.0,1.0,Etu-Töölö
53,37231876,10/10,1.0,1.0,0.0,4.5-5.0/5.0,1.0,1.0,1.0,1,CANCEL_FLEXIBLE,10/10,Helsinki,0,10/10,10/10,0,0,10/10,30,1,0.75,1,4,52,1.0,100%,within an hour,128.0,95-100/100,37,Private room,3.6-4.4/5.0,9/10,128.0,0.87,0,0,0.0,1.0,0.0,0.0,1.0,1.0,1.0,1.0,0.0,0.0,1.0,0.0,1.0,1.0,0.0,0.0,Reimarla
54,35713015,10/10,1.0,1.0,0.0,4.5-5.0/5.0,1.0,1.0,1.0,1,CANCEL_FLEXIBLE,10/10,Helsinki,4,10/10,10/10,0,1,10/10,28,1,0.0,3,20,31,1.0,100%,within an hour,128.0,95-100/100,54,Private room,4.5-5.0/5.0,9/10,128.0,0.94,7,0,0.0,1.0,1.0,1.0,1.0,1.0,1.0,1.0,0.0,1.0,1.0,1.0,1.0,1.0,0.0,0.0,Kamppi
55,42985363,10/10,1.0,1.0,0.0,,1.0,1.0,2.0,1,CANCEL_FLEXIBLE,10/10,Helsinki,0,10/10,10/10,1,0,10/10,1125,1,0.0,2,5,26,40.0,100%,within an hour,128.0,95-100/100,0,Private room,,9/10,128.0,0.0,0,0,1.0,0.0,0.0,0.0,1.0,0.0,0.0,1.0,0.0,0.0,0.0,0.0,0.0,1.0,0.0,0.0,Punavuori
56,28234855,10/10,1.0,1.0,0.0,4.5-5.0/5.0,1.0,1.0,1.0,1,CANCEL_MODERATE,10/10,Helsinki,12,10/10,10/10,0,0,10/10,10,1,1.0,3,15,81,1.0,100%,within an hour,128.0,95-100/100,197,Entire home/apt,4.5-5.0/5.0,9/10,128.0,0.95,13,0,0.0,0.0,0.0,1.0,0.0,1.0,1.0,1.0,1.0,0.0,1.0,0.0,0.0,1.0,0.0,0.0,Patola
57,41869689,10/10,1.0,1.0,0.0,4.5-5.0/5.0,1.0,1.0,1.0,1,CANCEL_MODERATE,10/10,Helsinki,0,10/10,10/10,0,0,10/10,1125,1,0.0,4,12,92,1.0,50-89%,within a few hours,128.0,95-100/100,3,Entire home/apt,4.5-5.0/5.0,9/10,128.0,0.0,5,0,0.0,0.0,0.0,1.0,1.0,1.0,1.0,1.0,0.0,0.0,1.0,0.0,0.0,1.0,1.0,0.0,Siltasaari
58,14752483,10/10,1.0,1.0,0.0,4.5-5.0/5.0,1.0,0.0,3.0,1,CANCEL_FLEXIBLE,10/10,Helsinki,11,10/10,10/10,0,0,10/10,1125,1,0.85,4,18,98,1.0,100%,within an hour,128.0,95-100/100,434,Entire home/apt,4.5-5.0/5.0,9/10,128.0,0.9,11,0,0.0,0.0,0.0,1.0,1.0,1.0,1.0,1.0,0.0,0.0,1.0,0.0,1.0,1.0,1.0,0.0,Kluuvi
59,571881,10/10,1.0,1.0,0.0,4.5-5.0/5.0,1.0,2.0,4.0,1,CANCEL_FLEXIBLE,10/10,Helsinki,38,10/10,10/10,0,0,10/10,150,1,0.7,7,21,135,1.0,100%,within an hour,128.0,95-100/100,336,Entire home/apt,3.6-4.4/5.0,9/10,128.0,0.85,16,0,1.0,0.0,0.0,0.0,1.0,1.0,1.0,1.0,1.0,0.0,1.0,0.0,0.0,1.0,0.0,0.0,Ullanlinna
60,42638153,10/10,1.0,1.0,0.0,4.5-5.0/5.0,1.5,1.0,1.0,1,CANCEL_MODERATE,10/10,Helsinki,0,10/10,10/10,0,0,10/10,6,1,0.65,2,7,38,1.0,50-89%,within an hour,128.0,95-100/100,3,Private room,4.5-5.0/5.0,9/10,128.0,0.85,5,0,1.0,0.0,0.0,0.0,0.0,0.0,0.0,1.0,1.0,0.0,1.0,0.0,0.0,0.0,0.0,0.0,Tapanila
61,31094469,10/10,1.0,1.0,0.0,4.5-5.0/5.0,1.0,0.0,1.0,1,CANCEL_MODERATE,10/10,Helsinki,12,10/10,10/10,0,0,10/10,10,1,1.0,3,19,81,1.0,100%,within an hour,128.0,95-100/100,143,Entire home/apt,3.6-4.4/5.0,9/10,128.0,0.95,13,0,0.0,0.0,0.0,1.0,1.0,1.0,1.0,0.0,1.0,0.0,1.0,0.0,0.0,1.0,0.0,0.0,Punavuori
62,2189594,10/10,1.0,1.0,0.0,4.5-5.0/5.0,1.5,1.0,1.0,0,CANCEL_MODERATE,10/10,Helsinki,0,10/10,10/10,0,1,10/10,30,1,0.75,4,26,108,1.0,100%,within an hour,128.0,95-100/100,304,Entire home/apt,4.5-5.0/5.0,9/10,128.0,0.83,16,217,0.0,1.0,0.0,0.0,1.0,1.0,1.0,1.0,1.0,0.0,1.0,0.0,1.0,1.0,0.0,0.0,Itä-Pasila
63,38669174,,0.0,0.0,0.0,4.5-5.0/5.0,1.0,1.0,2.0,1,CANCEL_FLEXIBLE,,Helsinki,0,,,0,1,,8,1,0.87,2,6,58,1.0,100%,within an hour,0.0,,26,Shared room,4.5-5.0/5.0,,0.0,0.87,27,0,0.0,0.0,1.0,0.0,1.0,1.0,1.0,1.0,1.0,0.0,0.0,0.0,0.0,1.0,0.0,0.0,Kamppi
64,18400611,,0.0,0.0,0.0,4.5-5.0/5.0,1.0,0.0,3.0,1,CANCEL_STRICT_14_WITH_GRACE_PERIOD,,Helsinki,0,,,0,1,,360,1,0.85,3,30,75,1.0,100%,within an hour,0.0,,197,Entire home/apt,4.5-5.0/5.0,,0.0,0.9,22,200,0.0,1.0,0.0,1.0,1.0,1.0,1.0,1.0,0.0,1.0,1.0,1.0,0.0,1.0,1.0,1.0,Kluuvi
65,39476359,,0.0,0.0,0.0,4.5-5.0/5.0,1.0,1.0,4.0,1,CANCEL_FLEXIBLE,,Helsinki,14,,,0,0,,1125,1,0.7,4,22,99,1.0,100%,within an hour,0.0,,34,Entire home/apt,4.5-5.0/5.0,,0.0,0.8,9,0,0.0,0.0,0.0,1.0,1.0,1.0,1.0,1.0,1.0,1.0,1.0,0.0,0.0,1.0,1.0,0.0,Vesala
66,42978180,,0.0,0.0,0.0,,1.5,1.0,1.0,1,CANCEL_FLEXIBLE,,Helsinki,0,,,1,0,,16,1,0.55,3,5,154,47.0,100%,within a day,0.0,,0,Entire home/apt,,,0.0,0.7,0,0,1.0,1.0,1.0,1.0,1.0,1.0,1.0,1.0,0.0,0.0,1.0,0.0,0.0,1.0,1.0,0.0,Etu-Töölö
67,35584843,,0.0,0.0,0.0,4.5-5.0/5.0,1.0,0.0,1.0,0,CANCEL_MODERATE,,Helsinki,12,,,0,0,,7,1,1.0,2,12,85,1.0,100%,within an hour,0.0,,67,Entire home/apt,3.6-4.4/5.0,,0.0,0.95,0,0,0.0,0.0,0.0,1.0,1.0,1.0,1.0,1.0,1.0,0.0,1.0,1.0,0.0,1.0,0.0,0.0,Punavuori
68,35680811,,0.0,0.0,0.0,3.6-4.4/5.0,1.0,0.0,1.0,1,CANCEL_MODERATE,,Helsinki,16,,,0,0,,1125,1,0.0,4,5,76,1.0,100%,within an hour,0.0,,69,Entire home/apt,3.6-4.4/5.0,,0.0,0.9,11,0,0.0,0.0,0.0,0.0,0.0,0.0,0.0,0.0,0.0,0.0,0.0,0.0,0.0,1.0,0.0,0.0,Alppikylä
69,22982896,,0.0,0.0,0.0,4.5-5.0/5.0,1.0,1.0,1.0,0,CANCEL_FLEXIBLE,,Helsinki,5,,,0,1,,7,1,0.0,2,37,51,1.0,100%,within an hour,0.0,,214,Private room,4.5-5.0/5.0,,0.0,0.0,0,0,1.0,0.0,0.0,1.0,1.0,1.0,0.0,0.0,0.0,0.0,1.0,0.0,0.0,1.0,0.0,0.0,Kaartinkaupunki
70,33630332,,0.0,0.0,0.0,3.6-4.4/5.0,1.0,0.0,1.0,1,CANCEL_MODERATE,,Helsinki,17,,,0,0,,1125,1,0.0,2,8,78,1.0,100%,within an hour,0.0,,72,Entire home/apt,3.6-4.4/5.0,,0.0,0.0,0,0,0.0,0.0,0.0,0.0,0.0,0.0,1.0,1.0,1.0,0.0,1.0,0.0,0.0,1.0,0.0,0.0,Vallila
71,42960124,,0.0,0.0,0.0,,1.0,1.0,2.0,1,CANCEL_FLEXIBLE,,Helsinki,0,,,1,0,,1125,1,0.0,2,9,26,40.0,100%,within an hour,0.0,,0,Private room,,,0.0,0.0,0,0,1.0,0.0,0.0,0.0,1.0,0.0,0.0,1.0,0.0,0.0,1.0,0.0,0.0,1.0,0.0,0.0,Kamppi
72,12068779,,0.0,0.0,0.0,4.5-5.0/5.0,1.0,1.0,1.0,1,CANCEL_MODERATE,,Helsinki,22,,,0,0,,20,1,1.0,1,15,79,1.0,100%,within an hour,0.0,,200,Private room,3.6-4.4/5.0,,0.0,0.89,0,217,0.0,0.0,0.0,1.0,0.0,1.0,1.0,1.0,1.0,0.0,1.0,0.0,1.0,1.0,0.0,0.0,Kamppi
73,41139203,,0.0,0.0,0.0,0-3.5/5.0,1.5,0.0,2.0,1,CANCEL_MODERATE,,Helsinki,11,,,0,0,,1125,1,0.0,3,7,77,1.0,0-49%,unknown,0.0,,14,Entire home/apt,0-3.5/5.0,,0.0,0.9,5,0,0.0,0.0,0.0,0.0,0.0,0.0,0.0,1.0,0.0,0.0,0.0,0.0,0.0,1.0,0.0,0.0,Kamppi
74,30981155,,0.0,0.0,0.0,4.5-5.0/5.0,1.0,0.0,2.0,1,CANCEL_STRICT_14_WITH_GRACE_PERIOD,,Helsinki,33,,,0,1,,1125,1,0.85,2,5,88,1.0,100%,within an hour,0.0,,40,Entire home/apt,4.5-5.0/5.0,,0.0,0.9,16,0,0.0,0.0,0.0,0.0,1.0,1.0,1.0,1.0,1.0,0.0,0.0,0.0,0.0,1.0,0.0,0.0,Kamppi
75,20648483,,0.0,0.0,0.0,4.5-5.0/5.0,1.0,1.0,1.0,1,CANCEL_STRICT_14_WITH_GRACE_PERIOD,,Helsinki,0,,,0,0,,1125,1,0.0,2,6,41,1.0,100%,within an hour,0.0,,69,Private room,3.6-4.4/5.0,,0.0,0.98,0,0,0.0,0.0,0.0,0.0,1.0,1.0,0.0,1.0,1.0,0.0,1.0,0.0,0.0,1.0,0.0,0.0,Kluuvi
76,14336951,,0.0,0.0,0.0,3.6-4.4/5.0,1.0,1.0,2.0,1,CANCEL_FLEXIBLE,,Helsinki,22,,,0,0,,14,1,0.75,3,10,95,1.0,100%,within an hour,0.0,,121,Entire home/apt,3.6-4.4/5.0,,0.0,0.85,16,0,0.0,0.0,0.0,0.0,1.0,1.0,1.0,1.0,1.0,0.0,1.0,0.0,1.0,1.0,0.0,0.0,Roihuvuori
77,18012739,,0.0,0.0,0.0,4.5-5.0/5.0,1.0,1.0,1.0,0,CANCEL_FLEXIBLE,,Helsinki,49,,,0,1,,1125,1,0.8,4,14,128,1.0,100%,within a few hours,0.0,,95,Entire home/apt,4.5-5.0/5.0,,0.0,0.9,33,0,0.0,0.0,0.0,0.0,1.0,1.0,0.0,1.0,0.0,0.0,1.0,0.0,0.0,1.0,0.0,0.0,Kamppi
78,35246331,,0.0,0.0,0.0,4.5-5.0/5.0,1.0,1.0,1.0,0,CANCEL_STRICT_14_WITH_GRACE_PERIOD,,Helsinki,0,,,0,1,,6,1,0.0,2,7,39,1.0,100%,within a few hours,0.0,,37,Private room,4.5-5.0/5.0,,0.0,0.0,11,0,1.0,1.0,0.0,1.0,1.0,1.0,1.0,1.0,1.0,0.0,1.0,0.0,1.0,1.0,0.0,1.0,Kruununhaka
79,36044616,,0.0,0.0,0.0,4.5-5.0/5.0,1.0,2.0,4.0,1,CANCEL_MODERATE,,Helsinki,54,,,0,0,,1125,2,0.0,8,14,142,1.0,100%,within an hour,0.0,,26,Entire home/apt,3.6-4.4/5.0,,0.0,0.0,16,0,0.0,0.0,0.0,0.0,1.0,1.0,0.0,0.0,0.0,0.0,0.0,0.0,0.0,1.0,0.0,0.0,Kamppi
80,21368320,10/10,1.0,1.0,0.0,4.5-5.0/5.0,1.0,1.0,2.0,0,CANCEL_FLEXIBLE,10/10,Helsinki,22,10/10,10/10,0,1,10/10,1125,1,0.85,3,18,90,1.0,100%,within an hour,214.0,95-100/100,175,Entire home/apt,4.5-5.0/5.0,10/10,214.0,0.9,0,0,0.0,0.0,0.0,1.0,1.0,1.0,1.0,1.0,0.0,1.0,0.0,0.0,1.0,1.0,1.0,0.0,Konala
81,21373833,10/10,1.0,1.0,0.0,4.5-5.0/5.0,1.0,1.0,2.0,1,CANCEL_MODERATE,10/10,Helsinki,38,10/10,10/10,0,0,10/10,1125,2,0.0,4,15,109,1.0,100%,within an hour,214.0,95-100/100,47,Entire home/apt,4.5-5.0/5.0,10/10,214.0,0.0,16,0,0.0,0.0,0.0,1.0,1.0,1.0,0.0,1.0,0.0,0.0,0.0,0.0,0.0,1.0,1.0,0.0,Kamppi
82,41222077,10/10,1.0,1.0,0.0,,1.0,1.0,2.0,1,CANCEL_MODERATE,10/10,Helsinki,38,10/10,10/10,0,0,10/10,1125,2,0.0,4,9,83,1.0,100%,within an hour,214.0,95-100/100,1,Entire home/apt,,10/10,214.0,0.0,16,0,0.0,0.0,0.0,0.0,1.0,0.0,0.0,0.0,0.0,0.0,0.0,0.0,0.0,1.0,0.0,0.0,Kamppi
83,43026916,10/10,1.0,1.0,0.0,,1.0,1.0,1.0,1,CANCEL_FLEXIBLE,10/10,Helsinki,0,10/10,10/10,1,0,10/10,1125,1,0.95,2,8,53,1.0,100%,within an hour,214.0,95-100/100,0,Entire home/apt,,10/10,214.0,0.95,11,163,0.0,0.0,0.0,0.0,1.0,0.0,0.0,1.0,0.0,0.0,0.0,0.0,0.0,1.0,0.0,0.0,Ullanlinna
84,27325365,10/10,1.0,1.0,0.0,4.5-5.0/5.0,1.0,0.0,1.0,1,CANCEL_STRICT_14_WITH_GRACE_PERIOD,10/10,Helsinki,10,10/10,10/10,0,1,10/10,1125,1,0.95,2,10,112,37.0,100%,within an hour,214.0,95-100/100,163,Entire home/apt,4.5-5.0/5.0,10/10,214.0,0.95,0,0,0.0,0.0,0.0,1.0,1.0,1.0,1.0,0.0,0.0,0.0,1.0,0.0,1.0,1.0,0.0,0.0,Siltasaari
85,11393587,10/10,1.0,1.0,0.0,4.5-5.0/5.0,1.5,0.0,1.0,1,CANCEL_FLEXIBLE,10/10,Helsinki,16,10/10,10/10,0,0,10/10,1125,1,0.85,4,12,118,1.0,100%,within an hour,214.0,95-100/100,385,Entire home/apt,4.5-5.0/5.0,10/10,214.0,0.9,11,0,0.0,0.0,0.0,1.0,1.0,1.0,1.0,1.0,0.0,0.0,1.0,0.0,1.0,1.0,1.0,0.0,Kamppi
86,40891430,10/10,1.0,1.0,0.0,4.5-5.0/5.0,1.0,1.0,1.0,1,CANCEL_STRICT_14_WITH_GRACE_PERIOD,10/10,Helsinki,10,10/10,10/10,0,1,10/10,1125,1,0.8,2,13,82,1.0,100%,within an hour,214.0,95-100/100,24,Entire home/apt,4.5-5.0/5.0,10/10,214.0,0.9,0,0,0.0,0.0,0.0,1.0,1.0,1.0,1.0,1.0,0.0,0.0,1.0,0.0,0.0,1.0,0.0,0.0,Linjat
87,18056441,10/10,1.0,1.0,0.0,4.5-5.0/5.0,1.0,0.0,2.0,1,CANCEL_FLEXIBLE,10/10,Helsinki,11,10/10,10/10,0,0,10/10,1125,1,0.85,4,25,106,1.0,100%,within an hour,214.0,95-100/100,195,Entire home/apt,4.5-5.0/5.0,10/10,214.0,0.9,11,0,0.0,0.0,0.0,1.0,1.0,1.0,1.0,1.0,1.0,1.0,1.0,1.0,1.0,1.0,1.0,0.0,Kluuvi
88,32062249,10/10,1.0,1.0,0.0,4.5-5.0/5.0,1.0,1.0,1.0,0,CANCEL_MODERATE,10/10,Helsinki,0,10/10,10/10,0,1,10/10,1125,1,0.8,3,12,90,1.0,100%,within an hour,214.0,95-100/100,55,Entire home/apt,4.5-5.0/5.0,10/10,214.0,0.9,0,0,1.0,0.0,1.0,1.0,1.0,1.0,1.0,1.0,0.0,0.0,0.0,0.0,0.0,1.0,1.0,1.0,Etu-Töölö
89,16106110,10/10,1.0,1.0,0.0,4.5-5.0/5.0,1.5,1.0,1.0,0,CANCEL_FLEXIBLE,10/10,Helsinki,22,10/10,10/10,0,1,10/10,5,1,0.71,3,9,89,1.0,100%,within an hour,214.0,95-100/100,15,Entire home/apt,4.5-5.0/5.0,10/10,214.0,0.86,22,0,0.0,1.0,0.0,1.0,1.0,1.0,1.0,1.0,1.0,0.0,1.0,0.0,0.0,1.0,0.0,0.0,Kamppi
90,41799984,10/10,1.0,1.0,0.0,,4.0,1.0,2.0,1,CANCEL_FLEXIBLE,10/10,Helsinki,0,10/10,10/10,0,0,10/10,1125,1,0.0,2,16,55,45.0,100%,within an hour,214.0,95-100/100,0,Private room,,10/10,214.0,0.0,0,0,1.0,0.0,1.0,1.0,1.0,1.0,0.0,1.0,0.0,1.0,1.0,0.0,0.0,1.0,1.0,0.0,Ullanlinna
91,41083834,10/10,1.0,1.0,0.0,,1.5,1.0,1.0,1,CANCEL_FLEXIBLE,10/10,Helsinki,0,10/10,10/10,1,0,10/10,1125,1,0.9,2,7,31,1.0,100%,within a few hours,214.0,95-100/100,0,Private room,,10/10,214.0,0.95,0,0,0.0,0.0,0.0,0.0,1.0,0.0,0.0,1.0,1.0,0.0,1.0,0.0,0.0,1.0,0.0,0.0,Linjat
92,26730354,10/10,1.0,1.0,0.0,4.5-5.0/5.0,1.0,4.0,1.0,0,CANCEL_FLEXIBLE,10/10,Helsinki,11,10/10,10/10,0,0,10/10,1125,1,0.69,2,13,39,1.0,100%,within an hour,214.0,95-100/100,35,Private room,3.6-4.4/5.0,10/10,214.0,0.88,0,0,1.0,1.0,0.0,0.0,1.0,1.0,1.0,1.0,1.0,0.0,1.0,0.0,1.0,1.0,0.0,0.0,Kumpula
93,36127077,10/10,1.0,1.0,0.0,4.5-5.0/5.0,1.5,1.0,3.0,0,CANCEL_MODERATE,10/10,Helsinki,0,10/10,10/10,0,1,10/10,21,1,0.8,2,14,54,53.0,100%,within an hour,214.0,95-100/100,42,Private room,4.5-5.0/5.0,10/10,214.0,0.9,11,0,0.0,1.0,0.0,1.0,1.0,1.0,1.0,1.0,0.0,0.0,1.0,1.0,1.0,1.0,0.0,1.0,Itä-Pasila
94,37279768,10/10,1.0,1.0,0.0,4.5-5.0/5.0,1.5,1.0,1.0,1,CANCEL_STRICT_14_WITH_GRACE_PERIOD,10/10,Helsinki,33,10/10,10/10,0,1,10/10,1125,1,0.0,6,8,116,1.0,100%,within an hour,385.0,80-94/100,16,Entire home/apt,4.5-5.0/5.0,10/10,385.0,0.0,22,0,0.0,1.0,0.0,0.0,1.0,1.0,1.0,1.0,1.0,0.0,1.0,0.0,0.0,1.0,0.0,1.0,Itä-Pasila
95,22759628,10/10,1.0,1.0,0.0,3.6-4.4/5.0,1.0,1.0,1.0,0,CANCEL_STRICT_14_WITH_GRACE_PERIOD,10/10,Helsinki,11,10/10,10/10,0,0,10/10,20,1,0.9,2,10,65,37.0,100%,within an hour,385.0,80-94/100,51,Private room,3.6-4.4/5.0,10/10,385.0,0.9,27,0,0.0,0.0,0.0,0.0,0.0,0.0,0.0,1.0,0.0,0.0,1.0,0.0,1.0,1.0,0.0,0.0,Pikku Huopalahti
96,21821456,10/10,1.0,1.0,0.0,4.5-5.0/5.0,1.0,1.0,4.0,1,CANCEL_MODERATE,10/10,Helsinki,38,10/10,10/10,0,0,10/10,1125,2,0.0,6,11,122,1.0,100%,within an hour,385.0,80-94/100,62,Entire home/apt,3.6-4.4/5.0,10/10,385.0,0.0,16,0,0.0,0.0,0.0,1.0,1.0,1.0,0.0,1.0,1.0,0.0,0.0,0.0,0.0,1.0,1.0,0.0,Kamppi
97,31390306,10/10,1.0,1.0,0.0,4.5-5.0/5.0,1.5,0.0,1.0,0,CANCEL_STRICT_14_WITH_GRACE_PERIOD,10/10,Helsinki,24,10/10,10/10,0,0,10/10,7,1,0.0,3,14,101,37.0,100%,within an hour,385.0,80-94/100,10,Entire home/apt,4.5-5.0/5.0,10/10,385.0,0.85,0,0,0.0,0.0,0.0,1.0,1.0,1.0,1.0,1.0,0.0,0.0,1.0,1.0,0.0,1.0,1.0,0.0,Taka-Töölö
98,21571373,10/10,1.0,1.0,0.0,3.6-4.4/5.0,1.0,1.0,4.0,1,CANCEL_MODERATE,10/10,Helsinki,38,10/10,10/10,0,0,10/10,1125,2,0.0,6,15,115,1.0,100%,within an hour,385.0,80-94/100,78,Entire home/apt,3.6-4.4/5.0,10/10,385.0,0.0,16,0,0.0,0.0,0.0,1.0,1.0,1.0,0.0,0.0,0.0,0.0,0.0,0.0,0.0,1.0,1.0,0.0,Vilhonvuori
99,40342883,10/10,1.0,1.0,0.0,4.5-5.0/5.0,2.0,1.0,2.0,0,CANCEL_STRICT_14_WITH_GRACE_PERIOD,10/10,Helsinki,20,10/10,10/10,0,0,10/10,1125,1,0.8,4,7,88,1.0,100%,within an hour,385.0,80-94/100,16,Entire home/apt,4.5-5.0/5.0,10/10,385.0,0.85,16,0,0.0,0.0,0.0,0.0,0.0,1.0,1.0,1.0,1.0,0.0,0.0,0.0,0.0,1.0,1.0,0.0,Etu-Töölö
100,15459751,10/10,1.0,1.0,0.0,4.5-5.0/5.0,1.5,1.0,7.0,1,CANCEL_STRICT_14_WITH_GRACE_PERIOD,10/10,Helsinki,0,10/10,10/10,0,1,10/10,360,1,0.85,10,43,95,1.0,100%,within an hour,385.0,80-94/100,237,Entire home/apt,4.5-5.0/5.0,10/10,385.0,0.9,22,272,0.0,1.0,0.0,1.0,1.0,1.0,1.0,1.0,0.0,1.0,1.0,1.0,0.0,1.0,1.0,1.0,Pikku Huopalahti
101,26804939,10/10,1.0,1.0,0.0,4.5-5.0/5.0,1.5,1.0,2.0,1,CANCEL_STRICT_14_WITH_GRACE_PERIOD,10/10,Helsinki,0,10/10,10/10,0,0,10/10,1125,1,0.7,4,5,83,1.0,50-89%,within a few hours,385.0,80-94/100,36,Entire home/apt,3.6-4.4/5.0,10/10,385.0,0.8,5,0,0.0,0.0,0.0,0.0,0.0,1.0,1.0,1.0,1.0,0.0,0.0,0.0,1.0,1.0,0.0,1.0,Kamppi
102,41006272,10/10,1.0,1.0,0.0,,1.0,1.0,1.0,1,CANCEL_MODERATE,10/10,Helsinki,5,10/10,10/10,0,0,10/10,1125,1,0.0,2,6,45,1.0,100%,within an hour,385.0,80-94/100,2,Shared room,,10/10,385.0,0.0,11,434,0.0,0.0,0.0,0.0,1.0,0.0,0.0,1.0,0.0,0.0,0.0,0.0,1.0,1.0,0.0,0.0,Punavuori
103,41800605,10/10,1.0,1.0,0.0,,4.0,1.0,2.0,1,CANCEL_FLEXIBLE,10/10,Helsinki,0,10/10,10/10,0,0,10/10,1125,1,0.0,2,18,55,45.0,100%,within an hour,385.0,80-94/100,0,Private room,,10/10,385.0,0.0,0,0,1.0,0.0,1.0,1.0,1.0,1.0,0.0,1.0,0.0,1.0,1.0,0.0,0.0,1.0,1.0,0.0,Kamppi
104,31800006,10/10,1.0,1.0,0.0,4.5-5.0/5.0,1.0,2.0,3.0,1,CANCEL_FLEXIBLE,10/10,Helsinki,49,10/10,10/10,0,1,10/10,1125,1,0.0,6,15,164,47.0,100%,within an hour,385.0,80-94/100,36,Entire home/apt,4.5-5.0/5.0,10/10,385.0,0.0,33,0,0.0,0.0,0.0,1.0,1.0,1.0,1.0,1.0,0.0,0.0,1.0,0.0,0.0,1.0,1.0,0.0,Harju
105,41639650,10/10,1.0,1.0,0.0,4.5-5.0/5.0,1.0,0.0,2.0,0,CANCEL_MODERATE,10/10,Helsinki,0,10/10,10/10,0,0,10/10,7,1,0.85,2,9,90,1.0,100%,within a few hours,385.0,80-94/100,5,Entire home/apt,3.6-4.4/5.0,10/10,385.0,0.89,0,4347,0.0,0.0,0.0,0.0,1.0,0.0,1.0,1.0,0.0,0.0,1.0,0.0,0.0,1.0,0.0,0.0,Kontula
106,11349996,10/10,1.0,1.0,0.0,3.6-4.4/5.0,1.5,2.0,2.0,1,CANCEL_STRICT_14_WITH_GRACE_PERIOD,10/10,Helsinki,43,10/10,10/10,0,0,10/10,90,1,0.84,5,46,201,1.0,0-49%,unknown,385.0,80-94/100,204,Entire home/apt,3.6-4.4/5.0,10/10,385.0,0.9,22,217,0.0,1.0,0.0,1.0,1.0,1.0,1.0,1.0,1.0,0.0,1.0,0.0,0.0,1.0,1.0,0.0,Kamppi
107,11995784,10/10,1.0,1.0,0.0,4.5-5.0/5.0,1.0,1.0,1.0,0,CANCEL_MODERATE,10/10,Helsinki,27,10/10,10/10,0,0,10/10,60,1,0.65,2,14,96,1.0,100%,within an hour,385.0,80-94/100,112,Private room,4.5-5.0/5.0,10/10,385.0,0.9,22,217,0.0,0.0,0.0,1.0,0.0,1.0,1.0,1.0,1.0,1.0,1.0,0.0,0.0,1.0,1.0,0.0,Kluuvi
108,28039361,9/10,1.0,1.0,0.0,4.5-5.0/5.0,1.0,2.0,3.0,1,CANCEL_MODERATE,9/10,Helsinki,33,9/10,10/10,0,1,10/10,1125,1,0.0,6,23,154,35.0,100%,within an hour,62.0,80-94/100,84,Entire home/apt,4.5-5.0/5.0,9/10,62.0,0.0,11,0,1.0,0.0,0.0,1.0,1.0,1.0,1.0,1.0,1.0,0.0,1.0,0.0,1.0,1.0,0.0,0.0,Alppila
109,30979980,9/10,1.0,1.0,0.0,3.6-4.4/5.0,1.0,0.0,3.0,1,CANCEL_STRICT_14_WITH_GRACE_PERIOD,9/10,Helsinki,43,9/10,10/10,0,1,10/10,1125,1,0.85,5,9,122,1.0,100%,within an hour,62.0,80-94/100,11,Entire home/apt,3.6-4.4/5.0,9/10,62.0,0.9,16,0,0.0,0.0,0.0,0.0,1.0,1.0,1.0,1.0,1.0,0.0,0.0,0.0,0.0,1.0,1.0,0.0,Etu-Töölö
110,32969952,9/10,1.0,1.0,0.0,4.5-5.0/5.0,1.0,1.0,1.0,1,CANCEL_MODERATE,9/10,Helsinki,13,9/10,10/10,0,0,10/10,1125,1,0.85,3,35,104,1.0,100%,within an hour,62.0,80-94/100,51,Entire home/apt,4.5-5.0/5.0,9/10,62.0,0.9,11,0,0.0,0.0,0.0,1.0,1.0,0.0,1.0,1.0,0.0,0.0,0.0,0.0,0.0,1.0,1.0,0.0,Etu-Töölö
111,5831765,9/10,1.0,1.0,0.0,4.5-5.0/5.0,1.0,1.0,2.0,1,CANCEL_STRICT_14_WITH_GRACE_PERIOD,9/10,Helsinki,43,9/10,10/10,0,1,10/10,1125,1,0.85,4,9,138,1.0,100%,within an hour,62.0,80-94/100,55,Entire home/apt,4.5-5.0/5.0,9/10,62.0,0.9,16,0,1.0,1.0,0.0,1.0,1.0,1.0,1.0,1.0,1.0,0.0,0.0,0.0,0.0,1.0,1.0,0.0,Myllypuro
112,35106534,9/10,1.0,1.0,0.0,4.5-5.0/5.0,1.5,1.0,2.0,0,CANCEL_FLEXIBLE,9/10,Helsinki,0,9/10,10/10,0,1,10/10,14,1,1.0,2,11,77,1.0,100%,within an hour,62.0,80-94/100,45,Entire home/apt,4.5-5.0/5.0,9/10,62.0,1.0,0,0,0.0,1.0,0.0,0.0,1.0,1.0,1.0,1.0,0.0,0.0,1.0,1.0,0.0,1.0,0.0,0.0,Kamppi
113,26629536,9/10,1.0,1.0,0.0,4.5-5.0/5.0,1.5,0.0,2.0,1,CANCEL_STRICT_14_WITH_GRACE_PERIOD,9/10,Helsinki,43,9/10,10/10,0,1,10/10,1125,1,0.0,8,30,167,1.0,100%,within an hour,62.0,80-94/100,144,Entire home/apt,4.5-5.0/5.0,9/10,62.0,0.0,33,0,0.0,1.0,0.0,1.0,1.0,1.0,1.0,1.0,1.0,0.0,1.0,0.0,0.0,1.0,0.0,1.0,Ullanlinna
114,41005759,9/10,1.0,1.0,0.0,,1.0,1.0,1.0,1,CANCEL_MODERATE,9/10,Helsinki,7,9/10,10/10,0,0,10/10,1125,1,0.0,2,6,66,1.0,100%,within an hour,62.0,80-94/100,2,Private room,,9/10,62.0,0.0,8,434,0.0,0.0,0.0,0.0,1.0,0.0,0.0,1.0,0.0,0.0,0.0,0.0,1.0,1.0,0.0,0.0,Vallila
115,37489336,9/10,1.0,1.0,0.0,4.5-5.0/5.0,1.0,0.0,1.0,0,CANCEL_FLEXIBLE,9/10,Helsinki,0,9/10,10/10,0,1,10/10,1125,1,0.8,4,17,88,1.0,100%,within an hour,62.0,80-94/100,17,Entire home/apt,4.5-5.0/5.0,9/10,62.0,0.85,16,0,0.0,0.0,0.0,1.0,1.0,1.0,1.0,0.0,0.0,0.0,1.0,1.0,1.0,1.0,1.0,0.0,Siltasaari
116,40478353,9/10,1.0,1.0,0.0,,1.5,1.0,1.0,1,CANCEL_STRICT_14_WITH_GRACE_PERIOD,9/10,Helsinki,16,9/10,10/10,0,0,10/10,7,1,0.0,2,10,35,38.0,100%,within an hour,62.0,80-94/100,2,Private room,,9/10,62.0,0.0,11,0,0.0,0.0,1.0,1.0,1.0,1.0,1.0,1.0,0.0,0.0,1.0,1.0,0.0,1.0,0.0,1.0,Nordsjön kartano
117,40571070,9/10,1.0,1.0,0.0,4.5-5.0/5.0,1.0,1.0,1.0,1,CANCEL_MODERATE,9/10,Helsinki,38,9/10,10/10,0,0,10/10,1125,2,0.0,4,7,115,1.0,100%,within an hour,62.0,80-94/100,5,Entire home/apt,4.5-5.0/5.0,9/10,62.0,0.0,16,0,0.0,0.0,0.0,0.0,1.0,0.0,0.0,1.0,1.0,0.0,0.0,0.0,0.0,1.0,0.0,0.0,Meri-Rastila
118,27872139,9/10,1.0,1.0,0.0,3.6-4.4/5.0,2.5,1.0,1.0,1,CANCEL_MODERATE,9/10,Helsinki,33,9/10,10/10,0,0,10/10,1125,1,0.85,1,31,76,2.0,100%,within an hour,62.0,80-94/100,19,Private room,3.6-4.4/5.0,9/10,62.0,0.95,0,326,1.0,0.0,1.0,0.0,1.0,1.0,0.0,1.0,0.0,0.0,1.0,1.0,1.0,1.0,0.0,0.0,Kluuvi
119,31302917,9/10,1.0,1.0,0.0,3.6-4.4/5.0,1.0,0.0,1.0,0,CANCEL_MODERATE,9/10,Helsinki,16,9/10,10/10,0,0,10/10,1125,1,0.0,2,6,78,1.0,100%,within an hour,62.0,80-94/100,63,Entire home/apt,3.6-4.4/5.0,9/10,62.0,0.85,0,0,0.0,0.0,0.0,0.0,0.0,0.0,0.0,0.0,0.0,0.0,0.0,0.0,0.0,0.0,0.0,0.0,Ullanlinna
120,21493943,9/10,1.0,1.0,0.0,3.6-4.4/5.0,1.0,1.0,1.0,1,CANCEL_MODERATE,9/10,Helsinki,38,9/10,10/10,0,0,10/10,1125,2,0.0,2,10,109,1.0,100%,within an hour,62.0,80-94/100,25,Entire home/apt,3.6-4.4/5.0,9/10,62.0,0.0,0,0,0.0,0.0,0.0,1.0,1.0,1.0,0.0,1.0,0.0,0.0,0.0,0.0,0.0,1.0,1.0,0.0,Kamppi
121,28811855,9/10,1.0,1.0,0.0,3.6-4.4/5.0,1.0,1.0,2.0,0,CANCEL_STRICT_14_WITH_GRACE_PERIOD,9/10,Helsinki,16,9/10,10/10,0,0,10/10,1125,1,0.82,3,9,80,1.0,100%,within an hour,62.0,80-94/100,71,Private room,3.6-4.4/5.0,9/10,62.0,0.87,13,0,0.0,0.0,0.0,0.0,1.0,0.0,0.0,0.0,1.0,0.0,0.0,0.0,1.0,1.0,0.0,0.0,Etu-Töölö
122,42959628,10/10,1.0,1.0,0.0,,1.0,1.0,2.0,1,CANCEL_FLEXIBLE,9/10,Helsinki,0,10/10,9/10,1,0,10/10,1125,1,0.0,2,6,26,40.0,100%,within an hour,55.0,95-100/100,0,Private room,,9/10,55.0,0.0,0,0,1.0,0.0,0.0,0.0,1.0,0.0,0.0,1.0,0.0,0.0,1.0,0.0,0.0,1.0,0.0,0.0,Pihlajisto
123,16781278,10/10,1.0,1.0,0.0,4.5-5.0/5.0,1.5,3.0,7.0,1,CANCEL_FLEXIBLE,9/10,Helsinki,53,10/10,9/10,0,0,10/10,28,1,0.7,8,27,177,1.0,100%,within a few hours,55.0,95-100/100,180,Entire home/apt,3.6-4.4/5.0,9/10,55.0,0.85,16,109,0.0,0.0,0.0,0.0,1.0,0.0,0.0,1.0,1.0,0.0,1.0,0.0,0.0,1.0,1.0,0.0,Itä-Pasila
124,41546063,10/10,1.0,1.0,0.0,3.6-4.4/5.0,1.5,1.0,0.0,1,CANCEL_STRICT_14_WITH_GRACE_PERIOD,9/10,Helsinki,22,10/10,9/10,0,0,10/10,30,1,0.98,2,4,76,1.0,100%,within an hour,55.0,95-100/100,9,Entire home/apt,3.6-4.4/5.0,9/10,55.0,0.98,11,0,0.0,0.0,0.0,1.0,1.0,0.0,1.0,0.0,0.0,0.0,1.0,0.0,0.0,1.0,0.0,1.0,Kamppi
125,38829138,10/10,1.0,1.0,0.0,4.5-5.0/5.0,1.0,0.0,1.0,1,CANCEL_FLEXIBLE,9/10,Helsinki,22,10/10,9/10,0,1,10/10,1125,1,0.95,3,15,89,1.0,100%,within an hour,55.0,95-100/100,20,Entire home/apt,4.5-5.0/5.0,9/10,55.0,0.97,16,0,0.0,1.0,0.0,1.0,1.0,1.0,1.0,0.0,1.0,0.0,1.0,0.0,0.0,1.0,0.0,0.0,Vilhonvuori
126,26178103,10/10,1.0,1.0,0.0,4.5-5.0/5.0,1.0,0.0,3.0,0,CANCEL_MODERATE,9/10,Helsinki,22,10/10,9/10,0,1,10/10,10,1,1.0,4,21,101,1.0,100%,within an hour,55.0,95-100/100,70,Entire home/apt,4.5-5.0/5.0,9/10,55.0,0.88,11,0,0.0,0.0,0.0,1.0,1.0,1.0,0.0,1.0,0.0,0.0,1.0,0.0,0.0,1.0,0.0,1.0,Kamppi
127,31798157,10/10,1.0,1.0,0.0,4.5-5.0/5.0,2.5,2.0,4.0,1,CANCEL_FLEXIBLE,9/10,Helsinki,0,10/10,9/10,0,0,10/10,21,1,1.0,2,6,45,1.0,100%,within an hour,55.0,95-100/100,37,Private room,4.5-5.0/5.0,9/10,55.0,0.9,0,0,0.0,0.0,0.0,0.0,1.0,0.0,0.0,1.0,0.0,0.0,1.0,0.0,0.0,1.0,1.0,0.0,Ala-Malmi
128,41587894,10/10,1.0,1.0,0.0,4.5-5.0/5.0,1.5,1.0,1.0,1,CANCEL_STRICT_14_WITH_GRACE_PERIOD,9/10,Helsinki,0,10/10,9/10,0,1,10/10,1125,1,0.8,2,12,86,1.0,50-89%,within an hour,55.0,95-100/100,3,Private room,4.5-5.0/5.0,9/10,55.0,0.9,0,0,0.0,0.0,0.0,1.0,1.0,1.0,1.0,1.0,0.0,0.0,1.0,0.0,0.0,1.0,0.0,0.0,Linjat
129,41852939,10/10,1.0,1.0,0.0,,1.0,1.0,2.0,1,CANCEL_MODERATE,9/10,Helsinki,0,10/10,9/10,0,0,10/10,1125,1,0.9,2,17,39,1.0,100%,within an hour,55.0,95-100/100,1,Private room,,9/10,55.0,0.95,0,0,0.0,0.0,0.0,0.0,0.0,0.0,1.0,1.0,0.0,0.0,1.0,0.0,0.0,1.0,0.0,0.0,Herttoniemenranta
130,19346473,10/10,1.0,1.0,0.0,4.5-5.0/5.0,1.0,1.0,1.0,1,CANCEL_MODERATE,9/10,Helsinki,43,10/10,9/10,0,1,10/10,40,1,0.8,3,7,141,1.0,100%,within an hour,55.0,95-100/100,114,Entire home/apt,4.5-5.0/5.0,9/10,55.0,0.9,0,0,0.0,0.0,0.0,1.0,1.0,1.0,1.0,1.0,1.0,0.0,0.0,0.0,0.0,1.0,1.0,0.0,Kumpula
131,42807038,10/10,1.0,1.0,0.0,,1.0,1.0,1.0,1,CANCEL_FLEXIBLE,9/10,Helsinki,0,10/10,9/10,1,0,10/10,1125,1,0.7,3,5,77,1.0,0-49%,unknown,55.0,95-100/100,1,Entire home/apt,,9/10,55.0,0.8,0,0,0.0,0.0,0.0,1.0,1.0,0.0,0.0,1.0,0.0,0.0,0.0,0.0,0.0,1.0,0.0,0.0,Hernesaari
132,40086522,10/10,1.0,1.0,0.0,4.5-5.0/5.0,1.0,1.0,2.0,0,CANCEL_STRICT_14_WITH_GRACE_PERIOD,9/10,Helsinki,5,10/10,9/10,0,0,10/10,1125,1,0.0,2,28,72,1.0,100%,within an hour,55.0,95-100/100,8,Private room,4.5-5.0/5.0,9/10,55.0,0.85,11,326,0.0,0.0,0.0,1.0,1.0,1.0,1.0,1.0,0.0,0.0,1.0,0.0,0.0,1.0,0.0,0.0,Kamppi
133,42361882,10/10,1.0,1.0,0.0,,1.0,1.0,2.0,1,CANCEL_FLEXIBLE,9/10,Helsinki,5,10/10,9/10,1,0,10/10,7,1,0.8,2,8,51,1.0,100%,within a few hours,55.0,95-100/100,1,Private room,,9/10,55.0,0.9,0,109,0.0,0.0,0.0,1.0,1.0,0.0,1.0,1.0,0.0,0.0,0.0,1.0,0.0,1.0,1.0,0.0,Kruununhaka
134,42430201,10/10,1.0,1.0,0.0,4.5-5.0/5.0,1.5,2.0,3.0,0,CANCEL_STRICT_14_WITH_GRACE_PERIOD,9/10,Helsinki,0,10/10,9/10,0,0,10/10,1125,1,0.0,5,24,101,1.0,100%,within an hour,55.0,95-100/100,3,Entire home/apt,3.6-4.4/5.0,9/10,55.0,0.0,16,0,0.0,1.0,0.0,1.0,1.0,1.0,1.0,1.0,0.0,0.0,1.0,1.0,0.0,1.0,1.0,1.0,Länsi-Pasila
135,11015755,10/10,1.0,1.0,0.0,4.5-5.0/5.0,1.0,1.0,1.0,1,CANCEL_STRICT_14_WITH_GRACE_PERIOD,9/10,Helsinki,27,10/10,9/10,0,0,10/10,365,1,0.0,2,5,109,37.0,100%,within an hour,55.0,95-100/100,130,Entire home/apt,4.5-5.0/5.0,9/10,55.0,0.0,0,0,0.0,0.0,0.0,0.0,1.0,1.0,1.0,1.0,1.0,0.0,1.0,0.0,0.0,1.0,1.0,1.0,Meri-Rastila
136,26129095,10/10,1.0,1.0,0.0,4.5-5.0/5.0,1.0,1.0,2.0,1,CANCEL_STRICT_14_WITH_GRACE_PERIOD,9/10,Helsinki,11,10/10,9/10,0,0,10/10,40,1,0.88,2,12,60,1.0,100%,within an hour,55.0,95-100/100,63,Private room,3.6-4.4/5.0,9/10,55.0,0.93,11,0,1.0,0.0,0.0,0.0,0.0,0.0,1.0,1.0,1.0,0.0,0.0,0.0,0.0,1.0,0.0,0.0,Itä-Pasila
137,24927687,9/10,1.0,1.0,0.0,4.5-5.0/5.0,1.0,1.0,2.0,1,CANCEL_MODERATE,9/10,Helsinki,53,9/10,10/10,0,1,10/10,1125,1,0.85,3,15,136,1.0,100%,within an hour,11.0,80-94/100,112,Entire home/apt,4.5-5.0/5.0,9/10,11.0,0.95,22,109,0.0,0.0,1.0,1.0,0.0,1.0,1.0,1.0,1.0,0.0,1.0,0.0,0.0,1.0,0.0,1.0,Harju
138,37470317,9/10,1.0,1.0,0.0,3.6-4.4/5.0,1.5,2.0,3.0,1,CANCEL_MODERATE,9/10,Helsinki,54,9/10,10/10,0,0,10/10,1125,1,0.0,6,16,142,1.0,100%,within an hour,11.0,80-94/100,8,Entire home/apt,3.6-4.4/5.0,9/10,11.0,0.0,16,0,0.0,0.0,0.0,0.0,1.0,1.0,1.0,1.0,0.0,0.0,0.0,0.0,0.0,1.0,0.0,0.0,Etu-Töölö
139,36755789,9/10,1.0,1.0,0.0,4.5-5.0/5.0,1.5,1.0,1.0,1,CANCEL_MODERATE,9/10,Helsinki,38,9/10,10/10,0,0,10/10,35,1,0.9,3,5,119,37.0,100%,within an hour,11.0,80-94/100,14,Entire home/apt,3.6-4.4/5.0,9/10,11.0,0.95,5,0,0.0,0.0,0.0,0.0,0.0,1.0,1.0,0.0,1.0,0.0,0.0,0.0,0.0,1.0,0.0,0.0,Kamppi
140,28994173,9/10,1.0,1.0,0.0,4.5-5.0/5.0,2.0,2.0,2.0,1,CANCEL_MODERATE,9/10,Helsinki,54,9/10,10/10,0,0,10/10,1125,2,0.0,8,21,231,1.0,100%,within an hour,11.0,80-94/100,32,Entire home/apt,3.6-4.4/5.0,9/10,11.0,0.0,16,0,0.0,0.0,0.0,1.0,1.0,0.0,0.0,1.0,1.0,0.0,0.0,0.0,0.0,1.0,0.0,0.0,Etu-Töölö
141,40553766,9/10,1.0,1.0,0.0,,1.5,1.0,1.0,1,CANCEL_FLEXIBLE,9/10,Helsinki,0,9/10,10/10,0,0,10/10,1125,1,0.8,2,22,126,1.0,100%,within an hour,11.0,80-94/100,2,Entire home/apt,,9/10,11.0,0.85,0,0,0.0,1.0,0.0,0.0,1.0,1.0,1.0,1.0,0.0,0.0,0.0,1.0,0.0,1.0,1.0,0.0,Reimarla
142,2377035,9/10,1.0,1.0,0.0,4.5-5.0/5.0,1.0,1.0,1.0,0,CANCEL_MODERATE,9/10,Helsinki,49,9/10,10/10,0,0,10/10,25,1,0.91,2,36,119,36.0,100%,within an hour,11.0,80-94/100,78,Entire home/apt,4.5-5.0/5.0,9/10,11.0,0.93,16,163,1.0,1.0,0.0,1.0,0.0,1.0,1.0,1.0,1.0,0.0,1.0,0.0,0.0,1.0,0.0,1.0,Harju
143,1714147,9/10,1.0,1.0,0.0,4.5-5.0/5.0,1.0,1.0,1.0,0,CANCEL_STRICT_14_WITH_GRACE_PERIOD,9/10,Helsinki,0,9/10,10/10,0,1,10/10,1125,1,1.0,1,24,77,37.0,50-89%,within a few hours,11.0,80-94/100,142,Private room,4.5-5.0/5.0,9/10,11.0,1.0,0,0,0.0,0.0,0.0,0.0,0.0,1.0,1.0,1.0,1.0,0.0,0.0,0.0,0.0,1.0,0.0,0.0,Kamppi
144,18682338,9/10,1.0,1.0,0.0,4.5-5.0/5.0,1.5,3.0,5.0,0,CANCEL_STRICT_14_WITH_GRACE_PERIOD,9/10,Helsinki,65,9/10,10/10,0,1,10/10,1125,1,0.0,10,29,128,1.0,100%,within an hour,11.0,80-94/100,200,Entire home/apt,4.5-5.0/5.0,9/10,11.0,0.0,16,272,0.0,1.0,0.0,0.0,1.0,1.0,1.0,1.0,1.0,1.0,1.0,0.0,0.0,1.0,1.0,0.0,Punavuori
145,19667533,9/10,1.0,1.0,0.0,3.6-4.4/5.0,1.0,1.0,2.0,1,CANCEL_MODERATE,9/10,Helsinki,38,9/10,10/10,0,0,10/10,1125,2,0.0,4,23,109,1.0,100%,within an hour,11.0,80-94/100,63,Entire home/apt,3.6-4.4/5.0,9/10,11.0,0.0,16,0,0.0,1.0,0.0,1.0,1.0,1.0,0.0,1.0,0.0,0.0,0.0,0.0,0.0,1.0,1.0,1.0,Patola
146,36219853,9/10,1.0,1.0,0.0,4.5-5.0/5.0,1.0,2.0,7.0,1,CANCEL_MODERATE,9/10,Helsinki,33,9/10,10/10,0,0,10/10,30,1,0.75,8,10,83,1.0,100%,within an hour,11.0,80-94/100,48,Entire home/apt,3.6-4.4/5.0,9/10,11.0,1.0,8,217,0.0,1.0,0.0,1.0,1.0,1.0,1.0,1.0,0.0,1.0,1.0,1.0,0.0,1.0,1.0,1.0,Siltasaari
147,36379385,9/10,1.0,1.0,0.0,4.5-5.0/5.0,1.5,1.0,1.0,1,CANCEL_MODERATE,9/10,Helsinki,33,9/10,10/10,0,0,10/10,1125,1,0.9,1,8,69,2.0,100%,within an hour,11.0,80-94/100,15,Private room,4.5-5.0/5.0,9/10,11.0,0.95,0,217,1.0,1.0,1.0,0.0,1.0,1.0,1.0,1.0,0.0,0.0,1.0,1.0,0.0,1.0,0.0,0.0,Kluuvi
148,42733399,9/10,1.0,1.0,0.0,,1.5,3.0,6.0,1,CANCEL_MODERATE,9/10,Helsinki,76,9/10,10/10,1,0,10/10,1125,2,0.0,8,16,168,37.0,100%,within an hour,11.0,80-94/100,0,Entire home/apt,,9/10,11.0,0.0,16,0,0.0,0.0,0.0,0.0,1.0,0.0,0.0,1.0,1.0,0.0,0.0,0.0,0.0,1.0,0.0,0.0,Punavuori
149,26129212,9/10,1.0,1.0,0.0,4.5-5.0/5.0,1.0,1.0,2.0,1,CANCEL_STRICT_14_WITH_GRACE_PERIOD,9/10,Helsinki,11,9/10,10/10,0,0,10/10,1125,1,0.0,2,13,60,1.0,100%,within an hour,11.0,80-94/100,39,Private room,4.5-5.0/5.0,9/10,11.0,0.0,11,109,0.0,0.0,0.0,0.0,1.0,0.0,0.0,1.0,1.0,0.0,0.0,0.0,0.0,1.0,0.0,0.0,Ullanlinna
150,28929171,9/10,1.0,1.0,0.0,,1.5,1.0,0.0,0,CANCEL_STRICT_14_WITH_GRACE_PERIOD,9/10,Helsinki,8,9/10,10/10,0,0,10/10,1125,1,0.82,2,11,41,1.0,50-89%,within a day,11.0,80-94/100,1,Private room,,9/10,11.0,0.9,0,0,0.0,0.0,0.0,0.0,1.0,0.0,0.0,1.0,0.0,0.0,1.0,0.0,0.0,1.0,0.0,0.0,Tapanila
151,26217722,9/10,1.0,1.0,1.0,4.5-5.0/5.0,1.5,2.0,5.0,1,CANCEL_MODERATE,10/10,Helsinki,43,0-8/10,10/10,0,0,9/10,1125,2,0.0,7,16,231,1.0,100%,within an hour,9.0,80-94/100,41,Entire home/apt,3.6-4.4/5.0,9/10,9.0,0.0,16,0,0.0,1.0,0.0,0.0,1.0,1.0,1.0,1.0,1.0,0.0,1.0,0.0,0.0,1.0,0.0,1.0,Punavuori
152,19711057,9/10,1.0,1.0,1.0,4.5-5.0/5.0,1.5,1.0,1.0,0,CANCEL_STRICT_14_WITH_GRACE_PERIOD,10/10,Helsinki,11,0-8/10,10/10,0,0,9/10,1125,1,0.6,2,9,59,1.0,50-89%,within a day,9.0,80-94/100,43,Private room,3.6-4.4/5.0,9/10,9.0,0.88,0,0,0.0,0.0,0.0,0.0,1.0,1.0,0.0,1.0,0.0,0.0,1.0,0.0,1.0,1.0,0.0,0.0,Itä-Pasila
153,21324895,9/10,1.0,1.0,1.0,3.6-4.4/5.0,1.0,1.0,1.0,1,CANCEL_MODERATE,10/10,Helsinki,38,0-8/10,10/10,0,0,9/10,180,1,0.82,3,15,104,1.0,50-89%,within a few hours,9.0,80-94/100,91,Entire home/apt,3.6-4.4/5.0,9/10,9.0,0.9,11,163,0.0,0.0,1.0,1.0,1.0,1.0,1.0,0.0,1.0,0.0,1.0,0.0,1.0,1.0,1.0,1.0,Kamppi
154,32101044,9/10,1.0,1.0,1.0,4.5-5.0/5.0,1.0,1.0,2.0,1,CANCEL_MODERATE,10/10,Helsinki,27,0-8/10,10/10,0,0,9/10,20,2,0.85,3,7,114,1.0,100%,within an hour,9.0,80-94/100,39,Entire home/apt,3.6-4.4/5.0,9/10,9.0,0.88,16,0,0.0,0.0,0.0,1.0,1.0,1.0,1.0,1.0,1.0,0.0,1.0,1.0,1.0,1.0,0.0,0.0,Kamppi
155,41798417,9/10,1.0,1.0,1.0,,4.0,1.0,3.0,1,CANCEL_FLEXIBLE,10/10,Helsinki,0,0-8/10,10/10,0,0,9/10,1125,1,0.0,4,15,73,45.0,100%,within an hour,9.0,80-94/100,1,Private room,,9/10,9.0,0.0,0,0,1.0,0.0,1.0,1.0,1.0,1.0,0.0,1.0,0.0,1.0,1.0,0.0,0.0,1.0,1.0,0.0,Kluuvi
156,21584437,9/10,1.0,1.0,1.0,3.6-4.4/5.0,1.5,1.0,2.0,1,CANCEL_MODERATE,10/10,Helsinki,38,0-8/10,10/10,0,0,9/10,30,1,0.78,3,15,102,1.0,100%,within an hour,9.0,80-94/100,83,Entire home/apt,3.6-4.4/5.0,9/10,9.0,0.86,11,0,1.0,0.0,0.0,1.0,1.0,1.0,1.0,1.0,0.0,0.0,1.0,0.0,0.0,1.0,1.0,1.0,Vesala
157,27600932,9/10,1.0,1.0,1.0,4.5-5.0/5.0,1.5,0.0,1.0,0,CANCEL_FLEXIBLE,10/10,Helsinki,0,0-8/10,10/10,0,1,9/10,1125,1,1.0,3,7,109,1.0,50-89%,within a few hours,9.0,80-94/100,82,Entire home/apt,4.5-5.0/5.0,9/10,9.0,0.78,43,0,0.0,0.0,0.0,1.0,0.0,1.0,1.0,1.0,0.0,1.0,1.0,1.0,1.0,1.0,1.0,0.0,Etu-Töölö
158,26627094,9/10,1.0,1.0,1.0,4.5-5.0/5.0,1.0,3.0,7.0,1,CANCEL_STRICT_14_WITH_GRACE_PERIOD,10/10,Helsinki,54,0-8/10,10/10,0,1,9/10,1125,1,0.0,16,55,251,1.0,100%,within an hour,9.0,80-94/100,198,Entire home/apt,4.5-5.0/5.0,9/10,9.0,0.0,33,0,0.0,0.0,0.0,1.0,1.0,1.0,1.0,1.0,1.0,0.0,1.0,0.0,0.0,1.0,0.0,1.0,Punavuori
159,11930159,9/10,1.0,1.0,1.0,4.5-5.0/5.0,1.0,1.0,2.0,0,CANCEL_STRICT_14_WITH_GRACE_PERIOD,10/10,Helsinki,16,0-8/10,10/10,0,0,9/10,1125,1,0.92,4,13,112,1.0,100%,within an hour,9.0,80-94/100,58,Entire home/apt,3.6-4.4/5.0,9/10,9.0,0.95,11,163,0.0,0.0,0.0,1.0,1.0,1.0,1.0,1.0,1.0,0.0,1.0,0.0,0.0,1.0,0.0,0.0,Alppikylä
160,16036201,9/10,1.0,1.0,1.0,3.6-4.4/5.0,1.0,1.0,2.0,1,CANCEL_STRICT_14_WITH_GRACE_PERIOD,10/10,Helsinki,16,0-8/10,10/10,0,0,9/10,1125,1,0.85,2,11,76,1.0,100%,within an hour,9.0,80-94/100,99,Private room,3.6-4.4/5.0,9/10,9.0,0.95,11,0,0.0,0.0,0.0,0.0,1.0,1.0,0.0,1.0,1.0,0.0,0.0,0.0,1.0,1.0,0.0,0.0,Kaartinkaupunki
161,30857170,9/10,1.0,1.0,1.0,4.5-5.0/5.0,1.0,1.0,2.0,1,CANCEL_FLEXIBLE,10/10,Helsinki,27,0-8/10,10/10,0,0,9/10,28,1,0.8,4,20,172,1.0,100%,within a few hours,9.0,80-94/100,93,Entire home/apt,4.5-5.0/5.0,9/10,9.0,0.9,11,109,0.0,0.0,0.0,0.0,1.0,0.0,0.0,1.0,0.0,0.0,0.0,0.0,0.0,1.0,0.0,0.0,Vallila
162,42749304,9/10,1.0,1.0,1.0,,1.0,1.0,2.0,1,CANCEL_MODERATE,10/10,Helsinki,38,0-8/10,10/10,1,0,9/10,1125,2,0.0,3,12,115,37.0,100%,within an hour,9.0,80-94/100,0,Entire home/apt,,9/10,9.0,0.0,16,0,0.0,0.0,0.0,0.0,1.0,0.0,0.0,1.0,1.0,0.0,0.0,0.0,0.0,1.0,0.0,0.0,Kamppi
163,37322868,9/10,1.0,1.0,1.0,4.5-5.0/5.0,2.0,1.0,1.0,1,CANCEL_STRICT_14_WITH_GRACE_PERIOD,10/10,Helsinki,22,0-8/10,10/10,0,0,9/10,4,1,0.0,2,5,49,38.0,0-49%,within an hour,9.0,80-94/100,8,Private room,4.5-5.0/5.0,9/10,9.0,0.0,11,0,0.0,1.0,1.0,1.0,0.0,1.0,1.0,1.0,0.0,0.0,1.0,1.0,0.0,1.0,0.0,1.0,Kamppi
164,41444017,9/10,1.0,1.0,1.0,4.5-5.0/5.0,1.5,1.0,1.0,1,CANCEL_STRICT_14_WITH_GRACE_PERIOD,10/10,Helsinki,16,0-8/10,10/10,0,1,9/10,1125,1,0.8,2,12,105,1.0,50-89%,within an hour,9.0,80-94/100,3,Private room,4.5-5.0/5.0,9/10,9.0,0.9,0,0,0.0,0.0,0.0,1.0,1.0,1.0,1.0,1.0,0.0,0.0,1.0,0.0,0.0,1.0,0.0,0.0,Kamppi
165,1993764,10/10,1.0,1.0,0.0,3.6-4.4/5.0,1.0,1.0,4.0,1,CANCEL_MODERATE,10/10,Helsinki,22,9/10,10/10,0,0,10/10,1125,1,0.75,4,25,141,1.0,100%,within an hour,14.0,80-94/100,112,Entire home/apt,3.6-4.4/5.0,10/10,14.0,0.95,11,98,0.0,0.0,0.0,0.0,1.0,1.0,0.0,1.0,1.0,0.0,0.0,0.0,0.0,1.0,0.0,0.0,Kamppi
166,41977582,10/10,1.0,1.0,0.0,,1.0,1.0,1.0,1,CANCEL_FLEXIBLE,10/10,Helsinki,0,9/10,10/10,0,0,10/10,1125,1,0.0,2,14,35,1.0,100%,within an hour,14.0,80-94/100,0,Private room,,10/10,14.0,0.0,0,0,0.0,0.0,0.0,0.0,0.0,0.0,1.0,0.0,0.0,0.0,1.0,0.0,0.0,1.0,0.0,0.0,Kluuvi
167,40676648,10/10,1.0,1.0,0.0,4.5-5.0/5.0,1.0,1.0,4.0,1,CANCEL_STRICT_14_WITH_GRACE_PERIOD,10/10,Helsinki,33,9/10,10/10,0,1,10/10,1125,1,0.0,6,8,141,1.0,100%,within an hour,14.0,80-94/100,10,Entire home/apt,4.5-5.0/5.0,10/10,14.0,0.0,22,0,0.0,1.0,0.0,0.0,1.0,1.0,0.0,1.0,1.0,0.0,1.0,0.0,0.0,1.0,1.0,1.0,Roihuvuori
168,36549681,10/10,1.0,1.0,0.0,4.5-5.0/5.0,1.0,1.0,1.0,0,CANCEL_STRICT_14_WITH_GRACE_PERIOD,10/10,Helsinki,0,9/10,10/10,0,0,10/10,4,1,0.0,2,1,63,1.0,100%,within an hour,14.0,80-94/100,52,Private room,4.5-5.0/5.0,10/10,14.0,0.0,0,0,0.0,0.0,0.0,0.0,0.0,0.0,0.0,1.0,1.0,0.0,0.0,0.0,0.0,1.0,0.0,0.0,Kamppi
169,25242999,10/10,1.0,1.0,0.0,4.5-5.0/5.0,1.5,1.0,2.0,1,CANCEL_FLEXIBLE,10/10,Helsinki,33,9/10,10/10,0,1,10/10,1125,1,0.9,5,20,153,1.0,100%,within an hour,14.0,80-94/100,51,Entire home/apt,4.5-5.0/5.0,10/10,14.0,0.95,33,326,0.0,0.0,0.0,1.0,1.0,1.0,1.0,1.0,0.0,1.0,1.0,0.0,1.0,1.0,1.0,0.0,Kruununhaka
170,33382518,10/10,1.0,1.0,0.0,4.5-5.0/5.0,1.0,1.0,4.0,1,CANCEL_MODERATE,10/10,Helsinki,22,9/10,10/10,0,0,10/10,31,1,0.8,4,11,114,37.0,100%,within a few hours,14.0,80-94/100,41,Entire home/apt,3.6-4.4/5.0,10/10,14.0,0.0,16,109,0.0,0.0,0.0,0.0,1.0,1.0,0.0,1.0,1.0,0.0,0.0,0.0,0.0,1.0,0.0,1.0,Kamppi
171,32160996,10/10,1.0,1.0,0.0,4.5-5.0/5.0,1.5,1.0,2.0,1,CANCEL_MODERATE,10/10,Helsinki,33,9/10,10/10,0,1,10/10,1125,1,0.77,4,6,179,37.0,100%,within an hour,14.0,80-94/100,24,Entire home/apt,4.5-5.0/5.0,10/10,14.0,0.91,11,0,0.0,1.0,0.0,1.0,1.0,1.0,1.0,1.0,1.0,0.0,1.0,0.0,0.0,1.0,0.0,1.0,Siltasaari
172,35302325,10/10,1.0,1.0,0.0,4.5-5.0/5.0,1.5,1.0,1.0,0,CANCEL_STRICT_14_WITH_GRACE_PERIOD,10/10,Helsinki,5,9/10,10/10,0,0,10/10,17,1,1.0,2,2,71,1.0,100%,within an hour,14.0,80-94/100,43,Private room,3.6-4.4/5.0,10/10,14.0,0.97,16,0,0.0,0.0,0.0,0.0,1.0,1.0,0.0,0.0,0.0,0.0,0.0,0.0,0.0,1.0,0.0,0.0,Konala
173,15822795,10/10,1.0,1.0,0.0,4.5-5.0/5.0,1.0,1.0,3.0,1,CANCEL_FLEXIBLE,10/10,Helsinki,16,9/10,10/10,0,0,10/10,1125,1,0.75,5,24,109,1.0,100%,within an hour,14.0,80-94/100,91,Entire home/apt,3.6-4.4/5.0,10/10,14.0,0.85,0,0,0.0,1.0,0.0,1.0,1.0,1.0,1.0,1.0,1.0,0.0,1.0,1.0,0.0,1.0,1.0,0.0,Latokartano
174,22377940,10/10,1.0,1.0,0.0,,1.0,1.0,1.0,1,CANCEL_STRICT_14_WITH_GRACE_PERIOD,10/10,Helsinki,0,9/10,10/10,0,0,10/10,1125,1,0.0,1,24,59,,50-89%,within a few hours,14.0,80-94/100,0,Entire home/apt,,10/10,14.0,0.0,0,0,0.0,0.0,0.0,0.0,1.0,0.0,0.0,0.0,0.0,0.0,0.0,0.0,0.0,1.0,0.0,0.0,Tapaninvainio
175,33305338,10/10,1.0,1.0,0.0,4.5-5.0/5.0,1.0,1.0,4.0,1,CANCEL_FLEXIBLE,10/10,Helsinki,32,9/10,10/10,0,0,10/10,30,1,0.8,4,9,115,2.0,100%,within an hour,14.0,80-94/100,86,Entire home/apt,3.6-4.4/5.0,10/10,14.0,0.85,14,0,1.0,1.0,0.0,1.0,1.0,1.0,1.0,1.0,0.0,1.0,1.0,0.0,0.0,1.0,1.0,1.0,Kluuvi
176,30973949,9/10,1.0,0.0,0.0,,0.0,1.0,1.0,1,CANCEL_STRICT_14_WITH_GRACE_PERIOD,0-8/10,Helsinki,0,9/10,9/10,0,0,9/10,7,1,0.0,2,10,93,45.0,0-49%,unknown,91.0,80-94/100,1,Private room,,9/10,91.0,0.0,0,0,0.0,0.0,0.0,0.0,1.0,0.0,0.0,1.0,0.0,0.0,0.0,0.0,0.0,1.0,0.0,0.0,Siltasaari
177,21991859,9/10,1.0,0.0,0.0,3.6-4.4/5.0,1.0,2.0,5.0,1,CANCEL_STRICT_14_WITH_GRACE_PERIOD,0-8/10,Helsinki,43,9/10,9/10,0,0,9/10,1125,1,0.9,6,39,167,1.0,0-49%,unknown,91.0,80-94/100,60,Entire home/apt,3.6-4.4/5.0,9/10,91.0,1.0,27,543,0.0,0.0,0.0,0.0,1.0,0.0,1.0,1.0,1.0,0.0,0.0,0.0,1.0,1.0,1.0,1.0,Etu-Töölö
178,13731497,9/10,1.0,0.0,0.0,4.5-5.0/5.0,1.0,0.0,2.0,1,CANCEL_FLEXIBLE,0-8/10,Helsinki,16,9/10,9/10,0,1,9/10,5,1,0.0,3,12,115,1.0,0-49%,unknown,91.0,80-94/100,67,Entire home/apt,4.5-5.0/5.0,9/10,91.0,0.98,33,109,0.0,0.0,1.0,0.0,0.0,1.0,1.0,1.0,1.0,0.0,1.0,0.0,1.0,1.0,0.0,0.0,Torkkelinmäki
179,42584393,9/10,1.0,0.0,0.0,4.5-5.0/5.0,1.5,1.0,2.0,0,CANCEL_FLEXIBLE,0-8/10,Helsinki,16,9/10,9/10,0,0,9/10,1125,1,0.65,6,24,121,1.0,100%,within an hour,91.0,80-94/100,3,Entire home/apt,4.5-5.0/5.0,9/10,91.0,0.95,0,0,0.0,1.0,1.0,1.0,1.0,1.0,1.0,1.0,0.0,0.0,1.0,1.0,0.0,1.0,1.0,1.0,Punavuori
180,41653754,9/10,1.0,0.0,0.0,4.5-5.0/5.0,4.0,1.0,3.0,1,CANCEL_FLEXIBLE,0-8/10,Helsinki,0,9/10,9/10,0,0,9/10,1125,1,0.0,4,13,73,45.0,100%,within an hour,91.0,80-94/100,3,Private room,4.5-5.0/5.0,9/10,91.0,0.0,0,0,1.0,0.0,1.0,1.0,1.0,1.0,0.0,1.0,0.0,1.0,1.0,0.0,0.0,1.0,1.0,0.0,Taka-Töölö
181,31973556,9/10,1.0,0.0,0.0,4.5-5.0/5.0,1.0,1.0,3.0,1,CANCEL_STRICT_14_WITH_GRACE_PERIOD,0-8/10,Helsinki,38,9/10,9/10,0,0,9/10,1125,1,0.75,5,16,167,1.0,50-89%,within an hour,91.0,80-94/100,16,Entire home/apt,3.6-4.4/5.0,9/10,91.0,0.9,33,0,0.0,0.0,0.0,0.0,1.0,1.0,1.0,1.0,1.0,1.0,1.0,0.0,0.0,1.0,1.0,0.0,Patola
182,41587934,9/10,1.0,0.0,0.0,,1.5,1.0,3.0,1,CANCEL_STRICT_14_WITH_GRACE_PERIOD,0-8/10,Helsinki,16,9/10,9/10,0,1,9/10,1125,1,0.8,4,14,105,1.0,50-89%,within an hour,91.0,80-94/100,1,Private room,,9/10,91.0,0.9,11,0,0.0,0.0,0.0,1.0,1.0,1.0,1.0,1.0,0.0,0.0,1.0,0.0,0.0,1.0,0.0,0.0,Linjat
183,37384837,9/10,1.0,0.0,0.0,4.5-5.0/5.0,1.0,1.0,2.0,0,CANCEL_MODERATE,0-8/10,Helsinki,11,9/10,9/10,0,1,9/10,8,1,0.0,4,2,109,1.0,100%,within an hour,91.0,80-94/100,24,Entire home/apt,4.5-5.0/5.0,9/10,91.0,0.0,0,0,0.0,0.0,0.0,0.0,0.0,0.0,1.0,1.0,0.0,0.0,0.0,0.0,0.0,1.0,0.0,0.0,Etu-Töölö
184,4898630,9/10,1.0,0.0,0.0,4.5-5.0/5.0,1.5,3.0,9.0,1,CANCEL_STRICT_14_WITH_GRACE_PERIOD,0-8/10,Helsinki,22,9/10,9/10,0,0,9/10,1125,1,0.8,16,25,385,1.0,100%,within an hour,91.0,80-94/100,265,Entire home/apt,3.6-4.4/5.0,9/10,91.0,0.9,22,272,0.0,1.0,0.0,0.0,1.0,1.0,1.0,1.0,1.0,1.0,1.0,0.0,1.0,1.0,0.0,0.0,Vilhonvuori
185,2550059,9/10,1.0,0.0,0.0,4.5-5.0/5.0,1.5,2.0,2.0,1,CANCEL_STRICT_14_WITH_GRACE_PERIOD,0-8/10,Helsinki,87,9/10,9/10,0,0,9/10,1125,1,0.8,4,39,256,35.0,0-49%,unknown,91.0,80-94/100,132,Entire home/apt,4.5-5.0/5.0,9/10,91.0,0.95,0,543,0.0,0.0,0.0,0.0,0.0,0.0,0.0,0.0,0.0,0.0,0.0,0.0,0.0,0.0,0.0,0.0,Punavuori
186,39164238,9/10,1.0,0.0,0.0,,1.0,1.0,0.0,1,CANCEL_FLEXIBLE,0-8/10,Helsinki,16,9/10,9/10,0,0,9/10,7,1,0.94,2,1,42,1.0,100%,within a few hours,91.0,80-94/100,2,Private room,,9/10,91.0,0.95,0,0,0.0,0.0,0.0,0.0,1.0,0.0,0.0,1.0,0.0,0.0,1.0,0.0,0.0,1.0,0.0,0.0,Vilhonvuori
187,39743804,9/10,1.0,0.0,0.0,3.6-4.4/5.0,0.5,1.0,2.0,1,CANCEL_STRICT_14_WITH_GRACE_PERIOD,0-8/10,Helsinki,0,9/10,9/10,0,0,9/10,30,1,0.8,2,9,39,36.0,0-49%,unknown,91.0,80-94/100,3,Shared room,3.6-4.4/5.0,9/10,91.0,0.9,22,0,0.0,0.0,0.0,0.0,0.0,1.0,1.0,1.0,0.0,0.0,1.0,0.0,0.0,1.0,0.0,0.0,Kamppi
188,34502613,9/10,1.0,0.0,0.0,4.5-5.0/5.0,1.0,2.0,5.0,1,CANCEL_FLEXIBLE,0-8/10,Helsinki,32,9/10,9/10,0,0,9/10,1125,1,0.9,4,11,115,4.0,100%,within an hour,91.0,80-94/100,45,Entire home/apt,3.6-4.4/5.0,9/10,91.0,0.91,16,0,0.0,0.0,0.0,0.0,1.0,1.0,1.0,1.0,0.0,0.0,1.0,1.0,0.0,1.0,0.0,1.0,Kaartinkaupunki
189,41799227,9/10,1.0,0.0,0.0,,4.0,1.0,3.0,1,CANCEL_FLEXIBLE,0-8/10,Helsinki,0,9/10,9/10,0,0,9/10,1125,1,0.0,4,15,73,45.0,100%,within an hour,91.0,80-94/100,0,Private room,,9/10,91.0,0.0,0,0,1.0,0.0,1.0,1.0,1.0,1.0,0.0,1.0,0.0,1.0,1.0,0.0,0.0,1.0,1.0,0.0,Etu-Töölö
190,5713056,,1.0,1.0,0.0,0-3.5/5.0,1.5,1.0,1.0,1,CANCEL_MODERATE,,Helsinki,33,,,0,0,,1125,1,0.92,2,20,74,2.0,100%,within an hour,0.0,,7,Private room,0-3.5/5.0,,0.0,0.96,11,326,1.0,0.0,1.0,0.0,1.0,1.0,1.0,1.0,0.0,0.0,1.0,0.0,1.0,1.0,0.0,0.0,Kamppi
191,23867247,,1.0,1.0,0.0,4.5-5.0/5.0,1.0,1.0,1.0,1,CANCEL_FLEXIBLE,,Helsinki,38,,,0,0,,1125,1,0.85,4,11,154,1.0,100%,within an hour,0.0,,58,Entire home/apt,3.6-4.4/5.0,,0.0,0.95,11,0,1.0,0.0,0.0,0.0,1.0,0.0,0.0,1.0,1.0,0.0,1.0,0.0,1.0,1.0,1.0,0.0,Ullanlinna
192,13509024,,1.0,1.0,0.0,4.5-5.0/5.0,1.0,1.0,3.0,1,CANCEL_MODERATE,,Helsinki,22,,,0,0,,1125,1,0.75,4,34,128,1.0,100%,within an hour,0.0,,69,Entire home/apt,3.6-4.4/5.0,,0.0,0.9,11,98,0.0,0.0,0.0,1.0,1.0,1.0,0.0,1.0,1.0,0.0,0.0,0.0,0.0,1.0,1.0,0.0,Kluuvi
193,38279258,,1.0,1.0,0.0,3.6-4.4/5.0,1.0,1.0,1.0,1,CANCEL_FLEXIBLE,,Helsinki,0,,,0,0,,1125,1,0.0,2,10,74,1.0,100%,within a day,0.0,,3,Private room,3.6-4.4/5.0,,0.0,0.0,0,0,0.0,0.0,0.0,0.0,0.0,0.0,0.0,1.0,0.0,0.0,1.0,0.0,0.0,1.0,0.0,0.0,Etelä-Haaga
194,41797530,,1.0,1.0,0.0,,6.0,1.0,3.0,1,CANCEL_FLEXIBLE,,Helsinki,0,,,0,0,,1125,1,0.0,4,12,73,45.0,100%,within an hour,0.0,,0,Private room,,,0.0,0.0,0,0,1.0,0.0,1.0,1.0,1.0,1.0,0.0,1.0,0.0,1.0,1.0,0.0,0.0,1.0,1.0,0.0,Kluuvi
195,41363321,,1.0,1.0,0.0,,1.5,3.0,5.0,1,CANCEL_STRICT_14_WITH_GRACE_PERIOD,,Helsinki,22,,,0,1,,1125,1,0.75,8,15,266,1.0,50-89%,within an hour,0.0,,1,Private room,,,0.0,0.9,0,0,0.0,0.0,0.0,1.0,1.0,1.0,1.0,1.0,0.0,0.0,1.0,0.0,0.0,1.0,1.0,0.0,Etu-Töölö
196,22411680,,1.0,1.0,0.0,,1.0,1.0,3.0,1,CANCEL_STRICT_14_WITH_GRACE_PERIOD,,Helsinki,0,,,0,0,,1125,1,0.0,3,21,72,,50-89%,within a few hours,0.0,,1,Entire home/apt,,,0.0,0.0,0,0,0.0,0.0,0.0,0.0,1.0,0.0,0.0,0.0,0.0,0.0,0.0,0.0,0.0,1.0,0.0,0.0,Harju
197,23778149,,1.0,1.0,0.0,4.5-5.0/5.0,1.0,1.0,1.0,0,CANCEL_FLEXIBLE,,Helsinki,0,,,0,0,,6,1,0.61,4,6,83,1.0,100%,within an hour,0.0,,55,Private room,3.6-4.4/5.0,,0.0,0.82,11,0,1.0,0.0,0.0,0.0,0.0,1.0,1.0,1.0,1.0,0.0,0.0,0.0,0.0,0.0,0.0,0.0,Patola
198,35342403,,1.0,1.0,0.0,4.5-5.0/5.0,1.0,1.0,3.0,0,CANCEL_FLEXIBLE,,Helsinki,22,,,0,1,,1125,1,0.4,3,22,94,1.0,100%,within an hour,0.0,,7,Entire home/apt,4.5-5.0/5.0,,0.0,0.75,0,0,0.0,0.0,0.0,1.0,1.0,1.0,1.0,1.0,1.0,0.0,0.0,1.0,0.0,1.0,1.0,0.0,Kamppi
199,41813525,,1.0,1.0,0.0,,1.0,1.0,2.0,0,CANCEL_FLEXIBLE,,Helsinki,0,,,0,0,,1125,1,0.0,3,3,100,1.0,100%,within an hour,0.0,,2,Entire home/apt,,,0.0,0.0,0,0,1.0,0.0,0.0,0.0,1.0,1.0,1.0,1.0,0.0,0.0,1.0,0.0,0.0,1.0,0.0,1.0,Kuusisaari
200,29734812,9/10,1.0,1.0,0.0,4.5-5.0/5.0,1.0,1.0,2.0,1,CANCEL_MODERATE,9/10,Helsinki,33,9/10,9/10,0,1,9/10,1125,1,0.9,5,8,360,37.0,90-99%,within a few hours,60.0,80-94/100,52,Entire home/apt,4.5-5.0/5.0,0-8/10,60.0,0.92,11,326,1.0,0.0,0.0,0.0,0.0,1.0,1.0,1.0,0.0,0.0,0.0,0.0,1.0,1.0,0.0,0.0,Kamppi
201,42370980,9/10,1.0,1.0,0.0,,1.0,1.0,4.0,0,CANCEL_MODERATE,9/10,Helsinki,5,9/10,9/10,1,0,9/10,1125,1,1.0,2,11,76,1.0,100%,within an hour,60.0,80-94/100,0,Shared room,,0-8/10,60.0,1.0,22,0,0.0,0.0,0.0,0.0,1.0,0.0,0.0,1.0,1.0,0.0,0.0,0.0,0.0,0.0,0.0,0.0,Punavuori
202,30722049,9/10,1.0,1.0,0.0,3.6-4.4/5.0,1.0,1.0,3.0,1,CANCEL_STRICT_14_WITH_GRACE_PERIOD,9/10,Helsinki,0,9/10,9/10,0,0,9/10,1125,1,0.0,3,11,118,1.0,50-89%,within an hour,60.0,80-94/100,9,Entire home/apt,3.6-4.4/5.0,0-8/10,60.0,0.0,0,0,0.0,0.0,0.0,0.0,1.0,0.0,0.0,1.0,0.0,0.0,0.0,0.0,0.0,1.0,1.0,1.0,Kamppi
203,29531724,9/10,1.0,1.0,0.0,3.6-4.4/5.0,1.5,3.0,2.0,1,CANCEL_FLEXIBLE,9/10,Helsinki,0,9/10,9/10,0,0,9/10,1125,1,0.75,8,25,288,37.0,100%,within an hour,60.0,80-94/100,12,Entire home/apt,3.6-4.4/5.0,0-8/10,60.0,0.85,22,0,1.0,0.0,0.0,0.0,1.0,0.0,0.0,1.0,1.0,1.0,1.0,0.0,1.0,1.0,0.0,0.0,Itä-Pasila
204,39571678,9/10,1.0,1.0,0.0,4.5-5.0/5.0,1.0,2.0,3.0,0,CANCEL_STRICT_14_WITH_GRACE_PERIOD,9/10,Helsinki,65,9/10,9/10,0,1,9/10,1125,1,0.0,6,10,128,1.0,100%,within an hour,60.0,80-94/100,19,Entire home/apt,4.5-5.0/5.0,0-8/10,60.0,0.0,16,272,0.0,1.0,0.0,0.0,1.0,1.0,1.0,1.0,1.0,0.0,0.0,0.0,0.0,1.0,1.0,0.0,Etu-Töölö
205,30722739,9/10,1.0,1.0,0.0,0-3.5/5.0,1.0,0.0,2.0,1,CANCEL_STRICT_14_WITH_GRACE_PERIOD,9/10,Helsinki,0,9/10,9/10,0,0,9/10,1125,1,0.0,2,8,98,1.0,50-89%,within an hour,60.0,80-94/100,5,Entire home/apt,0-3.5/5.0,0-8/10,60.0,0.0,0,0,0.0,0.0,0.0,0.0,1.0,0.0,0.0,1.0,0.0,0.0,0.0,0.0,0.0,1.0,1.0,1.0,Harju
206,43072263,9/10,1.0,1.0,0.0,,1.5,1.0,1.0,1,CANCEL_FLEXIBLE,9/10,Helsinki,0,9/10,9/10,1,0,9/10,3,1,0.0,2,10,26,1.0,0-49%,unknown,60.0,80-94/100,0,Private room,,0-8/10,60.0,0.0,0,0,0.0,0.0,0.0,0.0,0.0,0.0,0.0,0.0,1.0,0.0,1.0,0.0,0.0,0.0,0.0,0.0,Vallila
207,16178008,9/10,1.0,1.0,0.0,4.5-5.0/5.0,1.5,1.0,2.0,1,CANCEL_STRICT_14_WITH_GRACE_PERIOD,9/10,Helsinki,38,9/10,9/10,0,1,9/10,1125,1,0.6,2,46,147,1.0,0-49%,within a day,60.0,80-94/100,24,Private room,4.5-5.0/5.0,0-8/10,60.0,0.9,0,217,0.0,0.0,0.0,0.0,0.0,0.0,0.0,1.0,1.0,0.0,0.0,0.0,0.0,1.0,0.0,0.0,Torpparinmäki
208,1413969,9/10,1.0,1.0,0.0,4.5-5.0/5.0,1.0,1.0,1.0,0,CANCEL_FLEXIBLE,9/10,Helsinki,43,9/10,9/10,0,0,9/10,1125,1,0.85,3,19,154,1.0,0-49%,unknown,60.0,80-94/100,135,Entire home/apt,4.5-5.0/5.0,0-8/10,60.0,0.95,22,0,0.0,0.0,0.0,0.0,1.0,1.0,1.0,1.0,0.0,1.0,1.0,1.0,1.0,1.0,1.0,0.0,Pukinmäki
209,31602136,9/10,1.0,1.0,0.0,3.6-4.4/5.0,1.0,1.0,3.0,1,CANCEL_FLEXIBLE,9/10,Helsinki,0,9/10,9/10,0,0,9/10,28,1,0.7,2,25,77,67.0,100%,within an hour,60.0,80-94/100,3,Private room,3.6-4.4/5.0,0-8/10,60.0,0.9,0,0,0.0,0.0,1.0,0.0,1.0,0.0,0.0,1.0,0.0,0.0,1.0,0.0,1.0,1.0,0.0,0.0,Taka-Töölö
210,42972344,9/10,1.0,1.0,0.0,,1.0,1.0,1.0,1,CANCEL_FLEXIBLE,9/10,Helsinki,38,9/10,9/10,1,1,9/10,1125,1,0.0,4,17,160,1.0,100%,within an hour,60.0,80-94/100,0,Entire home/apt,,0-8/10,60.0,0.0,0,0,1.0,0.0,0.0,0.0,1.0,0.0,0.0,1.0,0.0,0.0,0.0,0.0,0.0,1.0,0.0,1.0,Mellunmäki
211,21963789,9/10,1.0,1.0,0.0,4.5-5.0/5.0,1.5,1.0,2.0,0,CANCEL_STRICT_14_WITH_GRACE_PERIOD,9/10,Helsinki,11,9/10,9/10,0,0,9/10,10,1,0.0,3,16,90,1.0,100%,within an hour,60.0,80-94/100,84,Private room,4.5-5.0/5.0,0-8/10,60.0,0.0,11,0,0.0,0.0,0.0,0.0,0.0,0.0,0.0,1.0,1.0,0.0,0.0,0.0,0.0,1.0,0.0,0.0,Kruununhaka
212,15718039,9/10,1.0,1.0,0.0,4.5-5.0/5.0,2.5,4.0,6.0,1,CANCEL_STRICT_14_WITH_GRACE_PERIOD,9/10,Helsinki,65,9/10,9/10,0,1,9/10,1125,1,0.95,8,34,450,1.0,100%,within an hour,60.0,80-94/100,161,Entire home/apt,4.5-5.0/5.0,0-8/10,60.0,0.95,0,0,1.0,0.0,1.0,1.0,1.0,1.0,1.0,1.0,1.0,1.0,1.0,0.0,1.0,1.0,1.0,0.0,Taka-Töölö
213,36423072,0-8/10,1.0,1.0,0.0,,1.0,1.0,1.0,1,CANCEL_FLEXIBLE,0-8/10,Helsinki,11,0-8/10,0-8/10,0,0,0-8/10,1125,1,0.0,3,8,141,2.0,0-49%,unknown,7.0,0-79/100,1,Entire home/apt,,0-8/10,7.0,0.0,0,0,0.0,0.0,0.0,0.0,1.0,0.0,0.0,1.0,1.0,0.0,0.0,0.0,0.0,1.0,0.0,0.0,Punavuori
214,10902694,0-8/10,1.0,1.0,0.0,4.5-5.0/5.0,1.0,3.0,6.0,0,CANCEL_FLEXIBLE,0-8/10,Helsinki,43,0-8/10,0-8/10,0,0,0-8/10,1125,1,0.75,8,26,256,1.0,100%,within an hour,7.0,0-79/100,132,Entire home/apt,3.6-4.4/5.0,0-8/10,7.0,0.85,16,109,0.0,0.0,0.0,0.0,1.0,1.0,0.0,1.0,1.0,0.0,1.0,0.0,1.0,1.0,0.0,0.0,Siltamäki
215,42003502,0-8/10,1.0,1.0,0.0,,1.5,1.0,1.0,0,CANCEL_FLEXIBLE,0-8/10,Helsinki,0,0-8/10,0-8/10,0,0,0-8/10,7,1,0.56,4,10,56,35.0,100%,within an hour,7.0,0-79/100,1,Private room,,0-8/10,7.0,0.82,12,0,1.0,1.0,0.0,1.0,0.0,1.0,1.0,1.0,0.0,0.0,1.0,0.0,0.0,1.0,1.0,0.0,Kontula
216,29983992,0-8/10,1.0,1.0,0.0,4.5-5.0/5.0,1.0,1.0,1.0,0,CANCEL_FLEXIBLE,0-8/10,Helsinki,22,0-8/10,0-8/10,0,1,0-8/10,1125,1,1.0,2,10,65,1.0,50-89%,within an hour,7.0,0-79/100,31,Private room,4.5-5.0/5.0,0-8/10,7.0,1.0,0,326,1.0,1.0,0.0,1.0,1.0,1.0,1.0,1.0,1.0,0.0,0.0,0.0,1.0,1.0,1.0,0.0,Taka-Töölö
217,23554650,0-8/10,1.0,1.0,0.0,4.5-5.0/5.0,1.0,0.0,1.0,1,CANCEL_MODERATE,0-8/10,Helsinki,16,0-8/10,0-8/10,0,1,0-8/10,1125,1,0.0,4,9,146,1.0,50-89%,within a day,7.0,0-79/100,15,Entire home/apt,3.6-4.4/5.0,0-8/10,7.0,0.0,16,272,0.0,0.0,0.0,0.0,0.0,0.0,0.0,0.0,1.0,0.0,0.0,0.0,1.0,1.0,0.0,1.0,Harju
218,42993990,0-8/10,1.0,1.0,0.0,,1.0,2.0,0.0,1,CANCEL_FLEXIBLE,0-8/10,Helsinki,0,0-8/10,0-8/10,1,0,0-8/10,365,1,0.9,6,7,96,1.0,100%,within a few hours,7.0,0-79/100,0,Entire home/apt,,0-8/10,7.0,0.95,0,0,0.0,0.0,0.0,0.0,1.0,0.0,0.0,1.0,1.0,0.0,1.0,0.0,0.0,1.0,0.0,0.0,Kamppi
219,40017917,0-8/10,1.0,1.0,0.0,4.5-5.0/5.0,1.0,0.0,2.0,0,CANCEL_FLEXIBLE,0-8/10,Helsinki,0,0-8/10,0-8/10,0,0,0-8/10,1125,1,0.0,4,10,128,1.0,100%,within a few hours,7.0,0-79/100,5,Entire home/apt,4.5-5.0/5.0,0-8/10,7.0,0.0,0,0,0.0,0.0,0.0,1.0,1.0,0.0,0.0,0.0,1.0,0.0,1.0,0.0,0.0,1.0,1.0,0.0,Katajanokka
